object_1;object_2;similarity;connection
водители в ДТП;поведение водителей в ДТП;0.89270234;similar_not_duplicate
ёлка в Миассе;ёлки в области;0.89269733;not_duplicate
коррупция проверяющих;взяточничество - действия власти;0.89269483;similar_not_duplicate
взрывы беспилотников;уничтожение беспилотников ПВО;0.8926858;not_duplicate
обрушение крыши;состояние дома после обвала крыши;0.8926627;similar_not_duplicate
отключение электричества в общагах;отсутствие электричества в населенных пунктах;0.8926618;not_duplicate
отключение электричества;частые перебои с электричеством;0.8926398;similar_not_duplicate
время начала причастия в храме;богослужение/вертеп в храме;0.8926077;not_duplicate
Проблемы ЖК Вест-Сайд;работа УК 'Доверие' по вывозу мусора;0.8925786;not_duplicate
судебное решение;судебный процесс;0.89256114;not_duplicate
организация свадьбы;свадьбы как явление;0.89252305;not_duplicate
кассовые сборы фильма «Чебурашка 2»;продажа квартир в ЖПЭ;0.8925084;not_duplicate
мероприятие Филиппа Киркорова;фильм Хроники Нарнии;0.8925013;not_duplicate
карьера Бритни Спирс;кинопремьера Аватар 3;0.8924946;not_duplicate
действия при обнаружении дрона;источник беспилотников;0.8924764;not_duplicate
состояние тротуаров;состояние тротуаров на Автолюбителей;0.89247143;not_duplicate
доставка квитанций ЖКХ;ООО РПЦ как посредник;0.8924695;not_duplicate
мероприятие Филиппа Киркорова;концерт поп-короля;0.89246404;similar_not_duplicate
организация сбора мусора;работа по вывозу мусора;0.8924551;not_duplicate
Неэффективная уборка снега;метод уборки снега;0.892454;not_duplicate
деятельность зацеперов по сбору мусора;вывоз мусора / подрядчик;0.892447;not_duplicate
национальность Филиппа Киркорова;деятельность Филиппа Киркорова;0.8924446;not_duplicate
Рождество в храмах;Рождественские богослужения;0.89242786;not_duplicate
Плотинка;САХ;0.8924216;not_duplicate
тротуары на улице Автолюбителей;состояние тротуаров на Автолюбителей;0.8924026;duplicate
зацеперы сбор мусора;вывоз мусора / подрядчик;0.89240146;not_duplicate
Рождественский Сочельник;канун Рождества Христова;0.8923897;duplicate
остановка поездов из-за повреждения полотна;повреждение железной дороги;0.8923868;similar_not_duplicate
поведение агрессора;агрессор;0.8923405;similar_not_duplicate
пожар в здании;пожар в многоэтажке;0.89231694;not_duplicate
состояние дороги от Магнитогорска до Челябинска;состояние дороги на ул. Заводской;0.892296;not_duplicate
канал ЧП Таганрог;строительство ЖК Вест-Сайд;0.8922881;not_duplicate
доставка квитанций ЖКХ;фильм Волшебник Изумрудного города;0.8922436;not_duplicate
фильмы юности;жанр шансон;0.89224166;not_duplicate
спутники и их фото возможности;спутниковая разведка;0.89219415;duplicate
состояние дороги на Пермском тракте;состояние дороги от Магнитогорска до Челябинска;0.8921771;not_duplicate
фильм Хроники Нарнии;работа УК 'Доверие' по вывозу мусора;0.89216435;not_duplicate
мероприятие Филиппа Киркорова;электроснабжение ЖК Вест-Сайд;0.8921637;not_duplicate
время начала причастия в храме;мероприятия храма;0.89212334;similar_not_duplicate
организация сбора мусора;система управления мусором;0.8921042;duplicate
частота уборки мусора;уборка мусора;0.89208436;not_duplicate
распространение мусора;Ситуация с вывозом мусора;0.8920674;not_duplicate
сериал Полиция Дели;применение УК РФ;0.89206564;not_duplicate
состояние трассы Ростов-Волгодонск;рекорд кассовых сборов фильма «Чебурашка 2»;0.8920649;not_duplicate
фильм Рождество на двоих;характеристика глав субъектов РФ;0.8920452;not_duplicate
История игрушек;ретро игрушки;0.8919971;duplicate
атака ВСУ на завод;атака на завод в Стерлитамаке;0.89198804;similar_not_duplicate
реклама имплантации зубов;реклама стоматологов;0.89195824;not_duplicate
меры принуждения при разводе;новое правило медиации при разводе;0.8919307;not_duplicate
управление Нового Краснодара;работа УК 'Доверие' по вывозу мусора;0.89192146;not_duplicate
новые районы Краснодара;ситуация в Краснодарском крае;0.89186245;not_duplicate
рекламная акция;расклейщики объявлений;0.8918575;not_duplicate
карьера Бритни Спирс;фильм Рождество на двоих;0.89185524;not_duplicate
ледовый городок;ледовый городок безопасность;0.8918538;duplicate
организация сбора мусора;работа компании по вывозу мусора;0.8918378;not_duplicate
эксплуатация аттракционов;магазины-пятёрочка;0.89181936;not_duplicate
состояние власти в Башкирии;политическая ситуация в Башкирии;0.8918154;duplicate
концерт Филиппа Киркорова;МУП 'СТЭ';0.89181495;not_duplicate
накопление мусора;Метод утилизации мусора;0.89179677;not_duplicate
график работы компании по вывозу мусора;работа компании по вывозу мусора;0.89177746;duplicate
проведение работ на Будённовском;застройка Новознаменского;0.8917714;not_duplicate
Участие в концерте ЛЮБЭ;Джефф Миллз;0.8917713;not_duplicate
речь Киркорова перед выступлением;выступление Филиппа Киркорова;0.8917469;not_duplicate
дрон сбитый;перехват беспилотников;0.89174473;not_duplicate
государственные меры безопасности;меры безопасности;0.8917402;not_duplicate
дорожно-транспортное происшествие;результат аварии;0.8916942;not_duplicate
выбор места проведения;выбор места для съемки;0.89168346;not_duplicate
колхозное водительское мнение;поведение водителей на дороге;0.89166784;not_duplicate
ДТП;погибшие в ДТП;0.89165187;duplicate
шумозащитные конструкции;качество установки шумозащитных конструкций;0.8916276;similar_not_duplicate
применение статьи УК РФ;уголовное дело по ст. 159 УК РФ;0.89162344;not_duplicate
беспилотные летательные аппараты (БПЛА) со стороны Украины;Силы Беспилотных систем Украины;0.8916082;not_duplicate
термин водительница в ПДД;применение УК РФ;0.8915847;not_duplicate
перебои с электричеством в центре;частые перебои с электричеством;0.89157456;not_duplicate
фильм Рождество на двоих;рекорд кассовых сборов фильма «Чебурашка 2»;0.89155406;not_duplicate
Участие в концерте ЛЮБЭ;электричество в ЖК Вест-Сайд;0.89154273;not_duplicate
поведение властей;реакция властей на дело;0.89154184;similar_not_duplicate
сиквел Короля и Шута;рекорд кассовых сборов фильма «Чебурашка 2»;0.89153194;not_duplicate
успех фильма Чебурашка 2;спектакли Московского театра;0.8915253;not_duplicate
ракетная опасность и вероятность угрозы;план действий при ракетной опасности;0.8915175;not_duplicate
дорожно-транспортное происшествие;ДТП на тюбинге;0.8914828;duplicate
угроза беспилотной опасности;беспилотная атака;0.89147085;similar_not_duplicate
ситуация ДТП;ДТП с погибшими;0.8914676;duplicate
шумозащитные конструкции некачественные;качество шумозащитных конструкций;0.89146453;duplicate
ДТП на перекрестке;Жёсткое ДТП;0.89142966;not_duplicate
пробка;дорожная ситуация;0.89142585;duplicate
метод сбора мусора;деятельность зацеперов по сбору мусора;0.8914165;not_duplicate
состояние дорог;дорожно-транспортная ситуация;0.8914151;duplicate
реакция на ракетную опасность;план действий при ракетной опасности;0.8913939;not_duplicate
остановка поездов из-за повреждения полотна;приостановка движения поездов;0.8913645;duplicate
Рождество Христово;рождественские мероприятия;0.89134836;not_duplicate
новые районы Краснодара;место события в Краснодаре;0.8913478;not_duplicate
праздничное настроение;атмосфера праздника;0.89134145;duplicate
посещение кинотеатра;поход в кино;0.89133835;duplicate
мероприятие Деда Мороза;сериал «Клуб», Вася;0.8913114;not_duplicate
выбор песен Деда Мороза;Дед Мороз;0.89130855;similar_not_duplicate
смертельное ДТП;ДТП и его последствия;0.891308;duplicate
сиквел Короля и Шута;успех фильма Чебурашка 2;0.89128506;not_duplicate
уголовное дело по ст.213 УК РФ;состояние дороги на ул. Заводской;0.8912767;not_duplicate
повторные судимости и пожизненные наказания;пожизненно осужденные преступники;0.8912549;duplicate
запрет горок;кража ёлки;0.89123666;not_duplicate
работа коммунальных служб;поведение коммунальных служб;0.8912293;not_duplicate
кинопремьера Аватар 3;рекорд кассовых сборов фильма «Чебурашка 2»;0.89122796;not_duplicate
опасность из-за атаки беспилотников;взрывы беспилотников;0.8912114;similar_not_duplicate
поведение в Рождество;рождественские мероприятия;0.8912109;not_duplicate
Удары украинскими беспилотниками;действия украинцев по применению дронов;0.89120585;duplicate
жанр шансон;сериал «Клуб», Вася;0.89120424;not_duplicate
концерт Филиппа Киркорова;расписание маршруток Апшеронск-Кубанская;0.8911986;not_duplicate
участие в концерте Киркорова;фильм Хроники Нарнии;0.89117193;not_duplicate
продуктовая корзина;продуктовая корзина состав;0.8911695;duplicate
путешествие за границу;путешествия;0.89116275;not_duplicate
новое правило о штрафах за тонировку;введение единых штрафов;0.89111996;duplicate
кинопремьера Одесия;расписание маршруток Апшеронск-Кубанская;0.89111954;not_duplicate
дорожная безопасность;предотвращение аварии на ж-д путях;0.89111376;not_duplicate
применение СВО к нападавшему;характеристика повода нападения;0.8911089;not_duplicate
зацеперы сбор мусора;фирма по вывозу мусора;0.89107984;not_duplicate
Рождество Христово (праздник);Рождественская литургия;0.8910703;not_duplicate
зацеперы сбор мусора;работа компании по вывозу мусора;0.89105666;not_duplicate
кинопремьера Аватар 3;применение УК РФ;0.89103854;not_duplicate
Новый Краснодар и нерешенные проблемы Краснодара;ситуация в Краснодарском крае;0.8910037;not_duplicate
МУП 'СТЭ';кассовые сборы фильма «Чебурашка 2»;0.89099586;not_duplicate
налогообложение граждан;косвенные налоги;0.8909879;duplicate
"титул ""Поп-король"" Филиппа Бедросовича";МУП 'СТЭ';0.8909651;not_duplicate
шаурмятни;сирены;0.89092183;not_duplicate
опасность из-за атаки беспилотников;уничтожение беспилотников ПВО;0.89090776;similar_not_duplicate
Ситуация с вывозом мусора;решение проблемы мусора;0.89089316;duplicate
агрессивное поведение мужчин к женщинам;поведение мужчин-агрессоров;0.8908677;duplicate
теракты и беспилотники;беспилотная атака;0.8908665;not_duplicate
меры принуждения при разводе;новое правило с медиаторами при разводе;0.89085495;not_duplicate
Поведение политиков США;Поведение политиков;0.8908329;not_duplicate
ЖК Вест-Сайд;состояние дороги на ул. Заводской;0.8908217;not_duplicate
кинопремьера Аватар 3;автомобиль БЕЛДЖИ;0.890812;not_duplicate
работа коммунальных служб зимой;работа коммунальных служб по уборке снега;0.89080435;duplicate
ДТП на трассе;погибшие в ДТП;0.8908006;duplicate
взрывы беспилотников;Беспилотники уничтоженные;0.89078724;not_duplicate
"титул ""Поп-король"" Филиппа Бедросовича";продажа квартир в ЖПЭ;0.890733;not_duplicate
доставка квитанций ЖКХ;сбитые БПЛА;0.8907212;not_duplicate
Площадь Советов (Ростов-на-Дону);характеристика глав субъектов РФ;0.890719;not_duplicate
действия украинцев по применению дронов;атака украинских беспилотников;0.8907135;duplicate
смертельное ДТП под Нижним Тагилом;ДТП под Джубгой;0.8907026;not_duplicate
закрытие ресторана Бен Холл;Проблемы ЖК Вест-Сайд;0.89069897;not_duplicate
концерт Киркорова;доставка квитанций ЖКХ;0.890695;not_duplicate
смертельное ДТП на дороге;автомобильный инцидент;0.8906521;duplicate
отключение электричества в общежитии;отключение электричества в общагах;0.8906431;duplicate
место события в Краснодаре;крестный ход в Краснодаре;0.89062655;not_duplicate
поведение взрослых;реакция взрослых;0.8906025;not_duplicate
экономическая ситуация;экономическая ситуация под властью;0.89060235;duplicate
МУП 'СТЭ';премьеры в кино;0.89058185;not_duplicate
расходы в Авто запчастях;цена автомобиля;0.89057094;not_duplicate
запрет горок;колядование с кутьей;0.8905661;not_duplicate
колядование с кутьей;кража сочинца;0.89055216;not_duplicate
ДТП на тюбинге;Место ДТП;0.8905521;not_duplicate
состояние тротуара возле администрации;состояние тротуаров;0.8905368;not_duplicate
реакция управляющих компаний;деятельность управляющих компаний;0.8905188;not_duplicate
питание ребенка;прикорм для детей;0.8905011;not_duplicate
повышение рождаемости;снижение рождаемости;0.89049107;not_duplicate
мероприятие Деда Мороза;спектакли Московского театра;0.890479;not_duplicate
военная мощь России;военные действия в РФ;0.89046127;not_duplicate
применение пожизненного наказания без суда;пожизненное заключение;0.89046013;not_duplicate
ДТП на трассе Семикаракорск-Волгодонск;ДТП с Акцентом под Волгодонском;0.8904525;not_duplicate
водитель автомобиля;водители и автомобили;0.89042795;not_duplicate
демографическая ситуация в Краснодаре;демографическая ситуация в Башкирии;0.8904228;not_duplicate
умершие в России;гибель россиян;0.8903838;duplicate
поведение водителей в ДТП;частота ДТП из-за нетрезвых водителей;0.8903835;not_duplicate
строительство развязки;возобновление строительства развязки;0.8903684;duplicate
работа ПВЗ;работа ПВО;0.8903662;not_duplicate
история СССР;история Новороссийска;0.89035773;not_duplicate
меры безопасности;обеспечение безопасности сотрудниками;0.89025116;not_duplicate
состояние трассы Ростов-Волгодонск;продажа квартир в ЖПЭ;0.8902506;not_duplicate
применение статьи УК РФ;конфессия русская;0.89022386;not_duplicate
затраты на свадьбу;стоимость свадьбы и налоговые проверки;0.8902009;not_duplicate
ДТП на тюбинге;результат аварии;0.89011693;not_duplicate
сирены;кража сочинца;0.8901136;not_duplicate
мероприятие Филиппа Киркорова;участие водителя в конкурсе Голос Стерли;0.89010274;not_duplicate
кинопремьера Аватар 3;Участие в концерте ЛЮБЭ;0.8900625;not_duplicate
исполнение Филиппа Киркорова;образ Киркорова;0.8900516;not_duplicate
первая часть фильма Чебурашка;уголовное дело по ст.213 УК РФ;0.88997746;not_duplicate
деятельность зацеперов по сбору мусора;зацеперы - подбор мусора вне кабины;0.8899739;duplicate
чистка карманов дорог;проблема с чисткой проездов в карманах;0.88996154;duplicate
электричество в ЖК Вест-Сайд;премьеры в кино;0.88993084;not_duplicate
действия нападавшего;применение СВО к нападавшему;0.88992596;not_duplicate
концерт поп-короля;отключение электричества в ЖК Вест-Сайд;0.88991064;not_duplicate
уничтожение беспилотников ПВО;эффективность ПВО против дронов;0.88990927;not_duplicate
качество установки шумозащитных конструкций;ненадежность шумозащитных конструкций;0.88989854;not_duplicate
Беспилотная и Ракетная опасность;Беспилотная опасность;0.8898729;not_duplicate
реакция на объявление опасности;объявление опасности;0.8898568;similar_not_duplicate
новые правила по тонировке;соблюдение правил тонировки;0.8898468;not_duplicate
дорожная обстановка;состояние дороги Плотинка;0.8898395;not_duplicate
концерт Киркорова;успех фильма Чебурашка 2;0.889819;not_duplicate
реакция на ракетную опасность;ракетная атака - провокация;0.88978976;not_duplicate
сбитый беспилотник;фиксация беспилотных летательных аппаратов;0.8897794;not_duplicate
вывоз мусора;состояние мусорных контейнеров;0.8897646;not_duplicate
Дата празднования Рождества у католиков и православных;Празднование Рождества православными церквями;0.8897638;not_duplicate
цена на товары/услуги;цены на услуги;0.88975275;not_duplicate
проект Нового Краснодара;застройка в Краснодаре;0.8897526;not_duplicate
частота отключений электричества;причина отключения электричества;0.8897243;not_duplicate
поведение родителей;поведение родителей ребенка-виновника;0.8897235;not_duplicate
факты происшествия;результат аварии;0.8897065;not_duplicate
концерт поп-короля;состояние дороги на ул. Заводской;0.8896842;not_duplicate
жанр шансон;концерт SCORPIONS в Ростове;0.8896754;not_duplicate
Рождественская служба;канун Рождества Христова;0.8896746;not_duplicate
рекорд кассовых сборов фильма «Чебурашка 2»;премьеры в кино;0.8896498;not_duplicate
ситуация в Иране;режим Ирана;0.8896423;not_duplicate
угроза беспилотной опасности;перехват беспилотников;0.8896305;similar_not_duplicate
жизнь в СССР;история СССР;0.8896187;not_duplicate
дерево на проезжей части;ёлка в Миассе;0.8896122;not_duplicate
лист жести;Ситуация с листом жести;0.88960946;duplicate
дорожная развязка у Калины;дорожная обстановка на Базовом переулке;0.8895891;not_duplicate
поведение хулигана;дело по хулиганству;0.88958883;not_duplicate
способ уборки мусора;частота уборки мусора;0.88956386;not_duplicate
запрет на тонировку автомобилей;закон о тонировке автомобилей;0.8895638;duplicate
поведение автора поста;поведение автора сообщения;0.8895619;duplicate
повышение цен на продукты;рост цен;0.8895537;not_duplicate
отключение электроэнергии;частые перебои с электричеством;0.8895458;duplicate
карьера Бритни Спирс;рекорд кассовых сборов фильма «Чебурашка 2»;0.8895294;not_duplicate
кафедральный собор архитектура;новочеркасский кафедральный собор;0.88952255;similar_not_duplicate
способ уничтожения беспилотников;источник беспилотников;0.88949686;not_duplicate
повышение цен на ЖКУ;частое повышение цен на товары;0.8894955;not_duplicate
концерт Киркорова;уголовное дело по ст.213 УК РФ;0.8894646;not_duplicate
состояние железной дороги;железнодорожная инфраструктура;0.88941604;duplicate
фиксация беспилотных летательных аппаратов;Действия в РБ связанные с беспилотниками;0.88934135;not_duplicate
новогодняя ёлка от ЧМЗ;пересъемка старых фильмов/сказок;0.88932085;not_duplicate
"титул ""Поп-король"" Филиппа Бедросовича";премьеры в кино;0.88930726;not_duplicate
работа УК 'Доверие' по вывозу мусора;кассовые сборы фильма «Чебурашка 2»;0.8892999;not_duplicate
Рождественский Сочельник;Рождественская служба;0.889297;not_duplicate
условия на дорогах;ожидание улучшения ситуации с дорогами;0.88928306;not_duplicate
жертва ДТП;автомобильный инцидент;0.88926256;not_duplicate
происшествие с пенсионеркой;ДТП с пенсионеркой;0.8892309;duplicate
закон о штрафах за тонировку;штрафы за неправильную тонировку;0.88922745;duplicate
наполняемость автобуса;наличие автобуса;0.889225;not_duplicate
транспортная инфраструктура Краснодара;строительство метро в Краснодаре;0.8892181;similar_not_duplicate
Участие в концерте ЛЮБЭ;продажа квартир в ЖПЭ;0.8892128;not_duplicate
ДТП на перекрестке;смертельное ДТП на дороге;0.8892015;not_duplicate
соблюдение ГОСТа на шаурму;введение ГОСТа на шаверму;0.88918597;not_duplicate
Место ДТП;происшествие с машиной;0.8891697;not_duplicate
возвращение криминальных времён;повторное преступление;0.889169;not_duplicate
состояние трассы Ростов-Волгодонск;уголовное дело по ст.213 УК РФ;0.8891465;not_duplicate
смертельное ДТП;автомобильный инцидент;0.8891459;duplicate
деятельность Первого оконного завода;состояние дороги на ул. Заводской;0.8891302;not_duplicate
порывы ветра;ветер и погодные условия;0.8891264;not_duplicate
зацеперы сбор мусора;организация вывоза мусора;0.8891093;not_duplicate
проблемы с мобильной связью;ограничения мобильной связи;0.8891011;duplicate
поведение сотрудников ГАИ;поведение сотрудников угро;0.88907284;not_duplicate
Участие в концерте ЛЮБЭ;доставка квитанций ЖКХ;0.8890629;not_duplicate
участие в концерте Киркорова;концерт группы «ИНДИИД»;0.889055;not_duplicate
американский беспилотник;беспилотники и ПВО;0.88905203;not_duplicate
Джефф Миллз;Проблемы ЖК Вест-Сайд;0.88903296;not_duplicate
действия украинцев по применению дронов;беспилотники из Украины;0.8890322;duplicate
концерт Киркорова;МУП 'СТЭ';0.8890177;not_duplicate
сиквел Короля и Шута;состояние дороги на ул. Заводской;0.8889748;not_duplicate
средние затраты на свадьбу;стоимость свадьбы в будущем;0.88896984;not_duplicate
мохтанный мониторинг;Методы мониторинга;0.8889395;not_duplicate
ДТП на тюбинге;смертельное ДТП на дороге;0.88893795;duplicate
Площадь Советов (Ростов-на-Дону);применение УК РФ;0.8889131;not_duplicate
отключение электричества в ЖК Вест-Сайд;применение УК РФ;0.8889116;not_duplicate
история СССР;сравнение текущей ситуации с советским периодом;0.88890505;not_duplicate
свободное передвижение свиней в городе;присутствие свиней в городе;0.888903;duplicate
мероприятие Филиппа Киркорова;проект Нового Краснодара;0.8889015;not_duplicate
работа ЖКХ;работа ПВО;0.888885;not_duplicate
поведение властей;поведение чиновников;0.8888803;duplicate
Ситуация с вывозом мусора;вывоз мусора / подрядчик;0.8888755;not_duplicate
доставка;товар;0.88887215;not_duplicate
покупка квартиры в ЖК Ривьера;доставка квитанций ЖКХ;0.88884485;not_duplicate
состояние шумозащитных конструкций;качество установки шумозащитных конструкций;0.8888156;similar_not_duplicate
дорожно-транспортное происшествие;участие в ДТП;0.88880825;not_duplicate
отношения между полами;политика отношений между полами;0.88880354;similar_not_duplicate
автомобиль БЕЛДЖИ;новогодняя ёлка от ЧМЗ;0.8888032;not_duplicate
судьба осужденного;поведение обвиняемого после приговора;0.8887969;not_duplicate
избиение женщин;насилие над женщинами;0.88878214;duplicate
ДТП на трассе;трагедия на дорогах;0.88877076;duplicate
состояние дорог;состояние дороги во время ремонта;0.8887617;not_duplicate
горящая квартира;горящая квартира на Июне;0.8887423;similar_not_duplicate
деятельность Первого оконного завода;сбитые БПЛА;0.88872826;not_duplicate
"титул ""Поп-король"" Филиппа Бедросовича";электричество в ЖК Вест-Сайд;0.8887106;not_duplicate
мероприятие Филиппа Киркорова;Джефф Миллз;0.88869315;not_duplicate
мероприятие Деда Мороза;действия инспекторов ГИБДД;0.8886855;not_duplicate
мероприятие Деда Мороза;премьеры в кино;0.88868254;not_duplicate
концерт Филиппа Киркорова;жанр шансон;0.88865465;not_duplicate
насилие над женщинами;насилие против девушки;0.88865006;not_duplicate
политика чиновников;действия чиновников;0.8886343;not_duplicate
полет беспилотников;скорость прилёта беспилотников;0.8886337;not_duplicate
рождественские богослужения с огнями и гимнами;Рождественские богослужения;0.88861966;duplicate
Участие в концерте ЛЮБЭ;применение УК РФ;0.88859284;not_duplicate
погибшие в ДТП;автомобильный инцидент;0.8885568;duplicate
Рождество Христово (праздник);Дата празднования Рождества в разных конфессиях;0.8885322;not_duplicate
требования к тонировке;соблюдение правил тонировки;0.8885157;not_duplicate
кинопремьера Одесия;Площадь Советов (Ростов-на-Дону);0.8884933;not_duplicate
концерт Киркорова;Площадь Советов (Ростов-на-Дону);0.8884926;not_duplicate
карьера Бритни Спирс;автомобиль БЕЛДЖИ;0.8884542;not_duplicate
Место ДТП;ДТП и его последствия;0.88844496;not_duplicate
отключение электроэнергии;отключение электричества в общагах;0.8884066;not_duplicate
повышение рождаемости;стимулы для повышения рождаемости;0.8884011;similar_not_duplicate
кошки на дереве;спасение кота из-за деревьев;0.8883569;duplicate
применение статьи УК РФ;ООО РПЦ как посредник;0.88831264;not_duplicate
Ситуация с вывозом мусора;нерешенная проблема с мусором;0.888312;duplicate
строительство на участке;строительство высотки;0.88830525;not_duplicate
канал ЧП Таганрог;Проблемы ЖК Вест-Сайд;0.8882916;not_duplicate
дорожно-транспортное происшествие;причина ДТП;0.8882728;not_duplicate
маршрут метро в Краснодаре;строительство метро в Новознаменскую;0.88826364;not_duplicate
дроновое нападение;Методы противодействия дронам;0.8882605;not_duplicate
подборка фильмов;список фильмов;0.88825315;duplicate
информация о жертвах ДТП;ДТП с погибшими;0.8882298;duplicate
действия силовиков в ресторане;действия силовиков при проверке ресторана;0.8882276;duplicate
стоимость свадьбы;стоимость свадьбы и налоговые проверки;0.888198;not_duplicate
празднование Рождества;новогодние праздники;0.88818926;not_duplicate
фильм Рождество на двоих;доставка квитанций ЖКХ;0.8881587;not_duplicate
отключение электроэнергии;отключение электричества в районе;0.88815385;not_duplicate
отсутствие электричества на улице Стахановская;отсутствие электричества на улице Тургенева;0.8880714;not_duplicate
концерт Ленинграда;работа УК 'Доверие' по вывозу мусора;0.8880698;not_duplicate
поведение автора;поведение автора проигранный;0.8880422;duplicate
время проведения причастия в храме;время богослужений;0.8880292;not_duplicate
высокий счет за квартиру;счет за квартплату;0.8880191;duplicate
концерт Ленинграда;применение статьи УК РФ;0.88801885;not_duplicate
Площадь Советов (Ростов-на-Дону);концерт SCORPIONS в Ростове;0.8879179;not_duplicate
закон о штрафах за тонировку;выдача штрафа;0.8879158;duplicate
содержание поста;оформление текста поста;0.88788426;not_duplicate
авиаперевозки задержка рейса;задержка рейса Utair;0.88786685;not_duplicate
жанр шансон;работа УК 'Доверие' по вывозу мусора;0.8878663;not_duplicate
участие в концерте Киркорова;электроснабжение ЖК Вест-Сайд;0.88786405;not_duplicate
инцидент на Красноармейской;место события в Краснодаре;0.887841;not_duplicate
пересъемка старых фильмов/сказок;состояние дороги на ул. Заводской;0.88784075;not_duplicate
Место ДТП;смертельное ДТП;0.88783836;not_duplicate
дорожно-транспортное происшествие;водители в ДТП;0.88781214;not_duplicate
состояние мусорных контейнеров;Ситуация с вывозом мусора;0.8878007;not_duplicate
управление городом;внимание властей к городу;0.8877894;not_duplicate
кинопремьеры 2026 года;доставка квитанций ЖКХ;0.8877362;not_duplicate
концерт Филиппа Киркорова;успех фильма Чебурашка 2;0.88773394;not_duplicate
введение единых штрафов;новый закон о штрафах за тонировку;0.8877221;duplicate
жертва ДТП;страшное ДТП;0.8877207;not_duplicate
строительство шумозащитных конструкций;метод крепления шумозащитных конструкций;0.887674;not_duplicate
электроснабжение ЖК Вест-Сайд;дороги Осипенко/Репин;0.8876007;not_duplicate
метод крепления шумозащитных конструкций;надежность шумозащитных конструкций;0.88759685;not_duplicate
беспилотники;получение информации о беспилотниках;0.8875961;duplicate
дорожная обстановка в Челябинской области;состояние дороги под Новороссийском;0.88755924;not_duplicate
отключение электричества в ЖК Вест-Сайд;спектакли Московского театра;0.88753307;not_duplicate
строительство ЖК Вест-Сайд;ЖК Июнь;0.8875231;not_duplicate
сбор налогов;налог для холостяков;0.8874937;not_duplicate
информация о беспилотниках;полет беспилотников;0.8874788;not_duplicate
доставка квитанций ЖКХ;спектакли Московского театра;0.8874786;not_duplicate
участие в концерте Киркорова;сериал Полиция Дели;0.88747776;not_duplicate
смертельное ДТП под Нижним Тагилом;смертельное ДТП на дороге;0.8874685;duplicate
предыстория инцидента;факты происшествия;0.887425;not_duplicate
рассказ о пожизненно осужденных;пожизненное заключение;0.8874217;not_duplicate
ремонт газовых котлов;газовые котлы и проблема;0.88741255;similar_not_duplicate
погибшие в ДТП;авария на трассе;0.8874067;duplicate
рекламный призыв;рекламная стратегия;0.887392;not_duplicate
концерт SCORPIONS в Ростове;расписание маршруток Апшеронск-Кубанская;0.88737357;not_duplicate
количество туристов;туристическая нагрузка;0.88736296;duplicate
проблемы с общественным транспортом;городской общественный транспорт;0.8873497;not_duplicate
ДТП на трассе;ДТП в регионе;0.88734895;not_duplicate
спасение кота;попытка помочь коту;0.887292;duplicate
ДТП на Базовом переулке;ДТП на трассе;0.8872875;not_duplicate
повышение цен на проезд в автобусе;цена проезда в автобусе;0.88728744;duplicate
Джефф Миллз;состояние трассы Ростов-Волгодонск;0.8872827;not_duplicate
способ уничтожения беспилотников;работа ПВО по сбитым беспилотникам;0.8872789;not_duplicate
дорожно-транспортное происшествие;ДТП на Базовом переулке;0.8872721;not_duplicate
реакция граждан на угрозу;реакция на объявление угрозы;0.88727057;duplicate
действия нападавшего;характеристика повода нападения;0.88725555;not_duplicate
масштаб аварии в ЖК Вест Сайд;ДТП на трассе Семикаракорск-Волгодонск;0.8872553;not_duplicate
ситуация ДТП;реакция на аварию;0.88722926;not_duplicate
жанр шансон;эксплуатация аттракционов;0.88722813;not_duplicate
тусовка в магазине;событие в магазине;0.88722754;not_duplicate
авария на трассе;результат аварии;0.88721836;not_duplicate
сиквел Короля и Шута;отключение электричества в ЖК Вест-Сайд;0.8872074;not_duplicate
отключение электричества в ЖК Вест-Сайд;концерт группы «ИНДИИД»;0.8872025;not_duplicate
проблема с вывозом мусора;состояние мусорных контейнеров;0.88720024;not_duplicate
Беспилотная и Ракетная опасность;беспилотная опасность - взрывы;0.8871959;not_duplicate
фильм Хроники Нарнии;рекорд кассовых сборов фильма «Чебурашка 2»;0.88719165;not_duplicate
сиквел Короля и Шута;музыкальный микс Казакостояния;0.88718486;not_duplicate
работа администрации города;действия муниципалитета;0.8871758;duplicate
Место ДТП;ДТП с погибшими;0.88717085;not_duplicate
прогноз погоды;погодные условия;0.88716847;not_duplicate
внешность Филиппа Киркорова;деятельность Филиппа Киркорова;0.88716036;not_duplicate
поведение водителей в ДТП;поведение жертв ДТП;0.8871431;not_duplicate
песня/стихотворение о бродяге;жанр шансон;0.887131;not_duplicate
личные отношения;интимные отношения;0.8871259;not_duplicate
расписание общественного транспорта на Рождество;продление работы общественного транспорта на Рождество;0.88711023;duplicate
концерт SCORPIONS в Ростове;успех фильма Чебурашка 2;0.88710546;not_duplicate
масштаб аварии в ЖК Вест Сайд;состояние дороги на ул. Заводской;0.88710546;not_duplicate
работа;работа сотрудников;0.8870978;duplicate
сериал Полиция Дели;дороги Осипенко/Репин;0.8870793;not_duplicate
доставка квитанций ЖКХ;профилактическая акция ГИБДД;0.88700336;not_duplicate
перебои с электричеством;отсутствие электричества;0.8869895;duplicate
фиксация беспилотных летательных аппаратов;беспилотники и ПВО;0.8869785;not_duplicate
перехват беспилотников;уничтожение беспилотников ПВО;0.88696814;not_duplicate
музыкальный микс Казакостояния;спектакли Московского театра;0.88695776;not_duplicate
действия автора поста;поведение автора поста (решение не ехать);0.88694215;similar_not_duplicate
политическая ситуация в Башкирии;ситуация в Башкирии;0.8869392;not_duplicate
сиквел Короля и Шута;новогодняя ёлка от ЧМЗ;0.8869176;not_duplicate
состояние крыш после обвала;жилищная проблема после обрушения крыши;0.88690317;duplicate
стоимость лечения;стоимость приёма врача;0.8868949;not_duplicate
реагенты на тротуарах;состояние тротуаров;0.88689196;similar_not_duplicate
кинопремьера Одесия;Проблемы ЖК Вест-Сайд;0.8868868;not_duplicate
массовое посещение горнолыжных склонов Сочи в праздники;ежегодные очереди в горах Сочи;0.88688517;duplicate
повышение цен на проезд;повышение цен на ЖКУ;0.886883;not_duplicate
экономическая ситуация под властью;экономическая обстановка;0.88688177;duplicate
участие в концерте Киркорова;падение обломков БПЛ;0.88688046;not_duplicate
уборка мусора в районе;вывоз мусора в городе;0.8868784;duplicate
дороги Осипенко/Репин;первая часть фильма Чебурашка;0.8868722;not_duplicate
смертельное ДТП под Нижним Тагилом;ДТП с погибшими;0.8868626;duplicate
Недвижимость в Краснодаре;предложение квартиры в Краснодаре;0.88686174;not_duplicate
воспитательный стиль родителей;воспитание в семье;0.88682914;not_duplicate
система управления мусором;решение проблемы мусора;0.8868203;duplicate
отключение электричества в ЖК Вест-Сайд;участие водителя в конкурсе Голос Стерли;0.8868103;not_duplicate
поведение украинских сил;действия сторонников Украины;0.88680166;not_duplicate
наличие туалетов в электричках;проблема с туалетом в электричке;0.8868004;similar_not_duplicate
чистка карманов дорог;чистка улицы;0.88677;not_duplicate
ёлка/праздничные традиции;Рождественский сочельник и его празднование;0.8867633;not_duplicate
праздничные дни;праздничные мероприятия;0.88675535;not_duplicate
Действия Украины (атаки БПЛА);действия Украины по применению БПЛА против РФ;0.88675225;duplicate
деятельность Первого оконного завода;премьеры в кино;0.8867385;not_duplicate
действия инспекторов ГИБДД;специальные подразделения для атак БПЛА;0.8867154;not_duplicate
новое законодательство;законодательные меры;0.8867081;duplicate
Беспилотная опасность;перехват беспилотников;0.88670415;similar_not_duplicate
отказ вернуть товар при подмене;отказ в возврате товара без бирки;0.8866943;not_duplicate
участие в концерте Киркорова;автомобиль БЕЛДЖИ;0.8866824;not_duplicate
Действия в РБ связанные с беспилотниками;беспилотники и ПВО;0.88666934;not_duplicate
выдача штрафа;введение единых штрафов;0.8866693;duplicate
Рождественская ярмарка;Рождественский сочельник и его празднование;0.8866535;not_duplicate
состояние дорог;ожидание улучшения ситуации с дорогами;0.8866447;not_duplicate
ситуация с уборкой мусора;система управления мусором;0.8866417;duplicate
поведение детей (вредительство);поведение детей (поджог кустов);0.88663477;duplicate
вывоз мусора на Первомайской;вывоз мусора в Гэсе;0.88662326;not_duplicate
Рождественская служба;мероприятие Рождество;0.8866024;not_duplicate
поведение администрации;меры чиновников;0.8865806;not_duplicate
"титул ""Поп-король"" Филиппа Бедросовича";рекорд кассовых сборов фильма «Чебурашка 2»;0.8865676;not_duplicate
кинопремьера Одесия;отключение электричества в ЖК Вест-Сайд;0.88655525;not_duplicate
дроновое нападение;способ уничтожения беспилотников;0.8865459;not_duplicate
работа в GSB;работа в GSB через Ситик;0.8865377;not_duplicate
электроснабжение ЖК Вест-Сайд;уголовное дело по ст.213 УК РФ;0.8865253;not_duplicate
"титул ""Поп-король"" Филиппа Бедросовича";фильм Рождество на двоих;0.88650775;not_duplicate
распространение мусора;решение проблемы вывоза мусора;0.88649714;not_duplicate
концерт поп-короля;успех фильма Чебурашка 2;0.886475;not_duplicate
Ситуация с вывозом мусора;ситуация с вывозом мусора в Красной Поляне;0.8864539;not_duplicate
фильм Рождество на двоих;электричество в ЖК Вест-Сайд;0.8864482;not_duplicate
владельцы иностранных автомобилей;поведение владельцев импортных авто;0.8864446;duplicate
мероприятие Деда Мороза;продажа квартир в ЖПЭ;0.8864386;not_duplicate
повышение цен на продукты и коммунальные услуги;рост цен на продукты;0.886412;not_duplicate
расписание общественного транспорта на Рождество;работа общественного транспорта на Рождество;0.8863958;duplicate
жанр шансон;МУП 'СТЭ';0.88636565;not_duplicate
причина ДТП;участие в ДТП;0.8863625;not_duplicate
термин водительница в ПДД;управление Нового Краснодара;0.8863498;not_duplicate
уголовное дело по ст.213 УК РФ;спектакли Московского театра;0.88634247;not_duplicate
состояние дороги на перекрестке Циолковского и Комарова;состояние Запорожской улицы;0.886323;not_duplicate
отключение электричества в ЖК Вест-Сайд;концерт SCORPIONS в Ростове;0.88627493;not_duplicate
погибшие в ДТП;гибель мужчины в ДТП;0.8862573;duplicate
лыжная база в Ленинском районе;лыжная база в Коркинском округе;0.8862377;not_duplicate
мероприятие Филиппа Киркорова;сериал «Клуб», Вася;0.8862313;not_duplicate
отсутствие электричества в районе;отсутствие электричества в Анапе;0.8862056;not_duplicate
действия пожарных по тушению;пожарные гидранты;0.88620377;not_duplicate
участие в концерте Киркорова;"титул ""Поп-король"" Филиппа Бедросовича";0.88618106;not_duplicate
смертельное ДТП на дороге;ДТП и его последствия;0.88615775;duplicate
ДТП;ДТП на перекрестке;0.8861522;not_duplicate
концерт Киркорова;работа УК 'Доверие' по вывозу мусора;0.88614273;not_duplicate
способ уборки мусора;работа по вывозу мусора;0.88613284;not_duplicate
Пожар в квартире;пожар в соседнем доме;0.886125;not_duplicate
канал ЧП Таганрог;жанр шансон;0.88612187;not_duplicate
мероприятие Филиппа Киркорова;сериал Полиция Дели;0.8861147;not_duplicate
публикация видео;общее содержание видео;0.88608813;not_duplicate
мероприятие Деда Мороза;доставка квитанций ЖКХ;0.88607776;not_duplicate
дороги Осипенко/Репин;падение обломков БПЛ;0.8860741;not_duplicate
ДТП как безумный трюк;ДТП;0.8860594;duplicate
проблема вывоза мусора;вывоз мусора в городе;0.88604516;duplicate
термин водительница в ПДД;спектакли Московского театра;0.88603354;not_duplicate
действия полиции;действия полиции при задержании;0.8859274;not_duplicate
услуги плиточника;работа мастеров;0.8859259;not_duplicate
перебои с электричеством;действия электриков;0.88592565;not_duplicate
применение тонировки к автомобилям;неправильная тонировка автомобилей;0.8859043;duplicate
безопасность общественных мест;безопасность на улицах;0.8859011;not_duplicate
мусор на контейнерной площадке;вывоз мусора;0.885856;not_duplicate
выступление Филиппа Киркорова;эпатажный образ Филиппа Киркорова;0.8858463;not_duplicate
условия в поездах;решение проблемы движения поездов;0.8858136;not_duplicate
запуск беспилотников;американский беспилотник;0.88581264;not_duplicate
ветер и погодные условия;ветер;0.8858028;not_duplicate
электричество в ЖК Вест-Сайд;новогодняя ёлка от ЧМЗ;0.88580084;not_duplicate
поиск работников для подработки;найм работников;0.88579404;duplicate
новость об аварии на тюбинге;ДТП на тюбинге;0.8857748;duplicate
поведение участников обсуждения;участие в обсуждении;0.8857728;not_duplicate
антисанитария в районе школы искусств;состояние района школы искусств;0.8857673;duplicate
концерт Ленинграда;успех фильма Чебурашка 2;0.88575125;not_duplicate
состояние трассы Ростов-Семикаракорск;состояние дороги от Магнитогорска до Челябинска;0.88573056;not_duplicate
участие в ДТП;результат аварии;0.8857157;not_duplicate
информация о беспилотниках;перехват беспилотников;0.88570255;not_duplicate
застройка в Краснодаре;реализация проекта Нового Краснодара;0.8856695;not_duplicate
опасность из-за транспорта;транспортные проблемы;0.8856361;not_duplicate
Москва - лицо страны;Москва как место проживания;0.885629;not_duplicate
процесс взятия пробы асфальта;необходимость асфальта;0.88561743;not_duplicate
американский беспилотник;полет беспилотников;0.88560385;not_duplicate
строительство ЖК Вест-Сайд;масштаб аварии в ЖК Вест Сайд;0.8855957;not_duplicate
состояние трассы Ростов-Семикаракорск;проект Нового Краснодара;0.88557637;not_duplicate
призыв в Сочи;ситуация в Сочи;0.8855614;not_duplicate
ДТП на трассе;происшествие с машиной;0.8855581;duplicate
падение обломков БПЛ;расписание маршруток Апшеронск-Кубанская;0.885557;not_duplicate
ДТП на трассе Семикаракорск-Волгодонск;дорога Ростов-Семикаракорск-Волгодонск;0.8855494;not_duplicate
проблемы с мобильным интернетом;ограничения мобильного интернета;0.88553566;duplicate
концерт Филиппа Киркорова;Площадь Советов (Ростов-на-Дону);0.8855282;not_duplicate
Москва как место проживания;Москва;0.8855119;duplicate
Проблемы ЖК Вест-Сайд;концерт группы «ИНДИИД»;0.88550335;not_duplicate
статистика ДТП по возрасту водителей;частота ДТП из-за нетрезвых водителей;0.8854887;not_duplicate
фильм Волшебник Изумрудного города;успех фильма Чебурашка 2;0.8854837;not_duplicate
распространение мусора;нерешенная проблема с мусором;0.8854284;not_duplicate
направление атаки БПЛА;атаки БПЛА в Стерлитамаке;0.8854207;not_duplicate
перебои с электричеством в ЖК Вест-Сайд;падение обломков БПЛ;0.88541377;not_duplicate
общая ситуация в стране;общее состояние страны и региона;0.88540864;not_duplicate
автомобиль БЕЛДЖИ;успех фильма Чебурашка 2;0.8854042;not_duplicate
автомобиль БЕЛДЖИ;отечественное кино;0.8853878;not_duplicate
Проблемы ЖК Вест-Сайд;состояние трассы Ростов-Волгодонск;0.8853423;not_duplicate
распространение мусора;решение проблемы мусора;0.8853419;not_duplicate
новогодняя ёлка от ЧМЗ;сбитые БПЛА;0.88533956;not_duplicate
фильм Хроники Нарнии;отечественное кино;0.8853287;not_duplicate
кинопремьера Одесия;уголовное дело по ст.213 УК РФ;0.8853272;not_duplicate
лист жести;кража сочинца;0.88531923;not_duplicate
действия ГИБДД;эксплуатация аттракционов;0.8853059;not_duplicate
концерт поп-короля;дороги Осипенко/Репин;0.8852851;not_duplicate
дороги Осипенко/Репин;характеристика глав субъектов РФ;0.8852626;not_duplicate
причина ДТП;страшное ДТП;0.88525844;not_duplicate
зацеперы сбор мусора;поведение мусоров;0.885248;not_duplicate
состояние пропавшего мужчины;поиск пропавшего мужчины;0.8852452;duplicate
расходы на свадьбу;стоимость свадьбы и налоговые проверки;0.88522124;not_duplicate
ДТП на Базовом переулке;смертельное ДТП на дороге;0.88519573;not_duplicate
маркетинговая кампания;реклама;0.88518906;not_duplicate
"титул ""Поп-король"" Филиппа Бедросовича";кинопремьера Аватар 3;0.8851757;not_duplicate
высокая стоимость свадьбы;информация о стоимости свадьбы;0.8851567;not_duplicate
концерт Ленинграда;музыкальный микс Казакостояния;0.8851425;not_duplicate
состояние трассы Ростов-Волгодонск;проект Нового Краснодара;0.8851422;not_duplicate
повышение рождаемости;данные о рождаемости;0.88513017;not_duplicate
место аварии;авария на трассе;0.8851155;not_duplicate
расположение выставки;расположение выставки (минус 1 этаж);0.88510174;duplicate
Железнодорожные задержки;задержка поезда и условия для пассажиров;0.8850919;not_duplicate
отдых в Сочи;закат в Сочи;0.88508147;not_duplicate
американский беспилотник;источник беспилотников;0.88507307;not_duplicate
внешность Филиппа Киркорова;стиль Филиппа Киркорова;0.88504;not_duplicate
политика чиновников;поведение чиновников;0.88502234;not_duplicate
эксплуатация аттракционов;отечественное кино;0.88500655;not_duplicate
Освещение инцидента;предыстория инцидента;0.8849969;not_duplicate
действия силовиков;военные действия;0.88497376;not_duplicate
метод сбора мусора;проблема вывоза мусора;0.88496387;not_duplicate
празднование Рождества и Нового года;Рождество Христово (праздник);0.88496184;not_duplicate
время проведения причастия в храме;мероприятия храма;0.8849351;similar_not_duplicate
реакция на аварию;результат аварии;0.88491935;not_duplicate
получение информации о беспилотниках;фиксация беспилотных летательных аппаратов;0.88490164;not_duplicate
фильм Хроники Нарнии;музыкальный микс Казакостояния;0.8848977;not_duplicate
мероприятие Филиппа Киркорова;строительство ЖК Вест-Сайд;0.8848485;not_duplicate
мероприятие Деда Мороза;кассовые сборы фильма «Чебурашка 2»;0.88484627;not_duplicate
публикация видео;действия в видео;0.8848449;not_duplicate
концерт поп-короля;кинопремьеры 2026 года;0.8848297;not_duplicate
кинопремьеры 2026 года;падение обломков БПЛ;0.8848289;not_duplicate
религиозная практика в церкви;религиозные практики;0.8848206;not_duplicate
угроза беспилотной опасности;способ уничтожения беспилотников;0.8848041;not_duplicate
Жёсткое ДТП;тяжелые последствия аварии;0.8848005;duplicate
выступление Киркорова и Пугачевой;выступление Филиппа Киркорова;0.88479316;not_duplicate
участие в концерте Киркорова;применение УК РФ;0.88478875;not_duplicate
жанр шансон;расположение МЦ 'Премиум';0.88475674;not_duplicate
запуск беспилотников;взрывы беспилотников;0.88474905;not_duplicate
принадлежность Москвы;история Новороссийска;0.88472104;not_duplicate
ДТП на трассе Семикаракорск-Волгодонск;состояние дороги на ул. Заводской;0.8846961;not_duplicate
запуск беспилотников;сбитый беспилотник;0.88469595;not_duplicate
состояние крыш после обвала;состояние крыши дома;0.8846922;duplicate
отечественное кино;деятельность Первого оконного завода;0.8846638;not_duplicate
кинопремьеры 2026 года;жанр шансон;0.8846524;not_duplicate
Жёсткое ДТП;ДТП в регионе;0.8846515;not_duplicate
участие в церковных мероприятиях;участие в крестном ходе;0.8846487;not_duplicate
беспризорные собаки;судьба собак;0.8846166;not_duplicate
автомобиль БЕЛДЖИ;МУП 'СТЭ';0.88460994;not_duplicate
ДТП как безумный трюк;смертельное ДТП;0.8845995;not_duplicate
Проблемы ЖК Вест-Сайд;премьеры в кино;0.8845977;not_duplicate
район Лысая Гора;маршрут до Геленджика;0.8845946;not_duplicate
поведение водителей;водители и автомобили;0.8845913;not_duplicate
эффективность уничтожения дронов;дроновое нападение;0.88458496;not_duplicate
угроза беспилотной опасности;информация о беспилотной атаке;0.8845675;not_duplicate
погодные условия зимой;снежная обстановка;0.8845649;duplicate
кинопремьера Аватар 3;Джефф Миллз;0.884547;not_duplicate
задержка авиаперелета;задержка рейса Utair;0.88452077;not_duplicate
личная просьба автора;желание автора;0.8845131;duplicate
поведение автора;деятельность автора;0.88450867;not_duplicate
работа автора поста;действия автора поста;0.8845027;duplicate
кинопремьера Одесия;состояние трассы Ростов-Семикаракорск;0.88448554;not_duplicate
деятельность Филиппа Киркорова;образ Киркорова;0.884483;not_duplicate
МУП 'СТЭ';спектакли Московского театра;0.8844818;not_duplicate
мероприятие Филиппа Киркорова;применение УК РФ;0.8844799;not_duplicate
Джефф Миллз;отключение электричества в ЖК Вест-Сайд;0.8844546;not_duplicate
Ситуация в городе;городская среда;0.8844434;not_duplicate
поведение водителя «Нивы»;водитель автомобиля;0.8844296;not_duplicate
водители в ДТП;автомобильный инцидент;0.8844197;not_duplicate
качество отечественного кино;премьеры в кино;0.88440907;not_duplicate
восстановление остановки на Гидрострое;остановка на Гидрострое;0.8843998;similar_not_duplicate
застройка Краснодара и Нижнего;ситуация в Краснодарском крае;0.8843934;not_duplicate
деятельность зацеперов по сбору мусора;уборка мусора;0.8843843;not_duplicate
новогодняя ёлка от ЧМЗ;доставка квитанций ЖКХ;0.88434863;not_duplicate
контроль вывоза мусора;работа по вывозу мусора;0.88433385;not_duplicate
армяне;работа с армянами;0.8843272;not_duplicate
газовые котлы;сжигание газа;0.88431394;not_duplicate
участие в концерте Киркорова;сиквел Короля и Шута;0.88429546;not_duplicate
загрязнение грунтовых вод;загрязнение мазутом;0.88429064;not_duplicate
строительство дорожной развязки;строительство тротуаров на Автолюбителей;0.8842572;not_duplicate
смазка для колбасы;приготовление холодца;0.88425696;not_duplicate
концерт SCORPIONS в Ростове;работа УК 'Доверие' по вывозу мусора;0.88424844;not_duplicate
инцидент на горке;инцидент на аттракционе;0.88424325;not_duplicate
ДТП как безумный трюк;участие в ДТП;0.88420486;not_duplicate
участие в крестном ходе;участники крестного хода;0.8842001;duplicate
Оплата ЖКХ;срок оплаты ЖКХ;0.88418835;similar_not_duplicate
теракты;покушение на теракт (рыбная ловля);0.88416755;similar_not_duplicate
деятельность зацеперов по сбору мусора;накопление мусора;0.8841105;not_duplicate
ДТП с жертвами детей;гибель ребенка и женщины в ДТП;0.88410133;similar_not_duplicate
защита от беспилотной атаки;информация о беспилотной атаке;0.88404983;similar_not_duplicate
канал ЧП Таганрог;ЖК Июнь;0.88402414;not_duplicate
деятельность Первого оконного завода;перевод говнотечки;0.88402104;not_duplicate
существование Деда Мороза как символа праздника;образ Деда Мороза и репертуар;0.8839752;not_duplicate
меры безопасности в ДТП;безопасность автомобиля HAVAL;0.883949;similar_not_duplicate
сирены;ПВО;0.88394636;not_duplicate
пиротехника;пиротехника и её качество;0.8839444;similar_not_duplicate