object_1,object_2,similarity,connection
дорожная обстановка,состояние областных дорог,0.8833961,
участие в концерте киркорова,выступление артиста и его подтанцовка,0.88337106,
чистка снега в екатеринбурге,уборка снега грейдером,0.8833542,
дорожная обстановка в челябинской области,качество дорог в челябинской области,0.88334733,
взяточничество - действия власти,коррупция и растраты бюджетных средств,0.8833059,
мероприятие у церкви,участие в церковных мероприятиях,0.8832927,
запуск беспилотников,методы противодействия дронам,0.8832731,
кинопремьера одесия,рекорд кассовых сборов фильма «чебурашка 2»,0.8832712,
филипп киркоров,кража ёлки,0.883265,
дтп на тюбинге,подсвечник/антиквариат,0.8832583,
применение законов о тонировке,новые правила по тонировке,0.8832535,
история игрушек,ретро игрушки,0.8832346,
система управления мусором,уборка мусора,0.88322556,
объявление опасности,источник информации об опасности,0.883213,
состояние дорог в таганроге,состояние дорог в семсовхозе,0.8832041,
зацеперы,дтп под джубгой,0.8831849,
джефф миллз,кассовые сборы фильма «чебурашка 2»,0.8831828,
ракетная опасность,ракетная опасность пкр нептун,0.88316387,
городской бор - дорога,состояние тротуаров,0.8831332,
взрывы беспилотников,источник беспилотников,0.88312733,
анекдот времён ссср,перевод говнотечки,0.88312256,
жильцы ниже горящей квартиры,горящая квартира,0.8830816,
фиксация беспилотных летательных аппаратов,способ уничтожения беспилотников,0.8830636,
авария на трассе,трагедия на дорогах,0.88306,
доставка,поставка товаров через пвз,0.88300914,
проблемы в венесуэле,действия сша в венесуэле,0.8829983,
реклама в канале,рекламная акция,0.8829956,
первая часть фильма чебурашка,отечественное кино,0.88297826,
опыт автора,деятельность автора,0.88296515,
повышение цен на жку,причины повышения цен,0.882944,
качество обслуживания билайн,качество услуг билайна,0.88290846,
закрытие парков раньше времени,закрытие парка до официального времени,0.8828724,
задержка поездов и компенсация за билеты,задержки пассажирских поездов,0.882867,
отключение электричества в общагах юфу,отключение электроэнергии в зазулине,0.8828479,
поведение хаски в контактном зоопарке,контактный зоопарк специализация на хаски,0.88278013,
цены в ленте и магните,цены на товары,0.8827536,
работа полиции,поведение сотрудников полиции (pls),0.8827523,
действия минобороны по уничтожению бпла,информация минобороны о сбитых бпла,0.88274455,
концерт поп-короля,жк вест-сайд,0.8827206,
дтп на трассе семикаракорск-волгодонск,спектакли московского театра,0.8827044,
проблемы коммунальных служб,ухудшение работы коммунальных служб,0.88270175,
объявление о ракетной опасности,реакция на ракетную опасность,0.88267505,
рождественские богослужения,празднование рождества православными церквями,0.8826553,
уничтожение беспилотников пво,действия в рб связанные с беспилотниками,0.8826502,
проблемы с общественным транспортом,работа общественного транспорта,0.882637,
дорожная обстановка,пробка,0.8826156,
уборка мусора в екатеринбурге,уборка мусора,0.8826131,
опасность из-за атаки беспилотников,способ уничтожения беспилотников,0.8826016,
способ уничтожения беспилотников,эффективность пво против дронов,0.8825932,
ситуация в городе,внимание властей к городу,0.8825846,
состояние льда,использование реагентов на ледовом городке,0.88256097,
военные действия,поведение военных,0.88252544,
рекорд кассовых сборов фильма «чебурашка 2»,концерт группы «индиид»,0.88247913,
рождество в храмах,рождественские богослужения,0.8824785,
железнодорожные задержки,задержка поездов и питание пассажиров,0.8824688,
новая модель рождаемости,данные о рождаемости,0.88244915,
безопасность территории городка,безопасность общественных мест,0.88243496,
мероприятие филиппа киркорова,дороги осипенко/репин,0.88243246,
полет беспилотников,действия в рб связанные с беспилотниками,0.8824314,
празднование рождества,празднование рождества христова,0.88242847,
деятельность зацеперов по сбору мусора,ситуация с вывозом мусора,0.8824183,
качество российских фильмов,качество фильма/сериала,0.88241285,
электроснабжение жк вест-сайд,дтп на трассе семикаракорск-волгодонск,0.8824056,
дтп на трассе семикаракорск-волгодонск,первая часть фильма чебурашка,0.8823958,
подготовка к свадьбе,проведение свадебных торжеств,0.882392,
поведение деда мороза,образ деда мороза и репертуар,0.8823917,
введение штрафов за тонировку,размер штрафа за нарушение тонировки,0.882369,
лучшие времена рф,магазины-пятёрочка,0.8823632,
состояние дорог во вoenном городке,состояние дорог и тротуаров,0.8823303,
дроновое нападение,уничтожение беспилотников пво,0.88232124,
дороги осипенко/репин,характеристика глав субъектов рф,0.8822871,
концерт ленинграда,рекорд кассовых сборов фильма «чебурашка 2»,0.88228345,
работа по вывозу мусора,накопление мусора,0.8822832,
запрет горок,зацеперы,0.88227797,
москва - лицо страны,москва как место проживания,0.8822473,
выбор фильмов из подборки,список фильмов,0.88221264,
фиксация беспилотных летательных аппаратов,действия сша по запуску дронов,0.882193,
работа по вывозу мусора,вывоз мусора на грэс,0.88216853,
концерт ленинграда,дорога ростов-семикаракорск-волгодонск,0.8821593,
решение проблемы вывоза мусора,уборка мусора,0.8821541,
поведение водителя «нивы»,поведение водителя такси,0.8821534,
фирма по вывозу мусора,ситуация с вывозом мусора,0.8821504,
рождественская литургия,канун рождества христова,0.8821325,
содержание фотографии,фото в личку,0.8820814,
беспилотники,сбитые беспилотники над башкирией,0.8820786,
электроснабжение жк вест-сайд,дороги осипенко/репин,0.8820736,
поведение украинских сил,действия сторонников украины,0.88205755,
кража новогодней ёлки,рождество в краснодаре,0.8820353,
поведение водителей на дороге,поведение владельцев автомобилей,0.8820037,
внешность трампа,поведение дональда трампа,0.88195175,
поведение верующих во время службы,участие в богослужении,0.8819401,
погибшие в дтп,смертельный исход дтп,0.8819368,
ситуация с уборкой мусора,организация вывоза мусора,0.8818931,
объявление опасности мчс,оповещение мчс,0.8818904,
концерт поп-короля,рекорд кассовых сборов фильма «чебурашка 2»,0.8818625,
транспорт в ростове,транспортная инфраструктура краснодара,0.8818579,
отношение к крестному ходу,участие в крестном ходе,0.88184977,
проблема вывоза мусора,вывоз мусора / подрядчик,0.8818479,
вывоз мусора,система управления мусором,0.8818332,
поведение бородача,поведение всу,0.8818174,
рекорд кассовых сборов фильма «чебурашка 2»,премьеры в кино,0.8818125,
поворот налево из среднего ряда,использование левой полосы,0.8818097,
работа жкх,работа пвз,0.88179886,
условия на дорогах,загораживание проездов,0.881766,
состояние дорог в семсовхозе,дорожная ситуация,0.881755,
действия муниципалитета,поведение местного самоуправления,0.8817493,
фильм хроники нарнии,лучшие времена рф,0.8817237,
место события в краснодаре,красноармейская улица как место события,0.88171715,
отключение электричества в общагах,отключение электроэнергии в апшеронском районе,0.8816924,
распространение мусора,производство мусора людьми,0.88168937,
угроза беспилотной опасности,защита от беспилотной атаки,0.881689,
жанр шансон,дороги осипенко/репин,0.8816613,
беспилотная опасность - взрывы,теракты и беспилотники,0.88165796,
метод сбора мусора,вывоз мусора в гэсе,0.8816459,
воспитательный стиль родителей,подход к воспитанию детей,0.8816063,
беспилотные летательные аппараты (бпла) со стороны украины,силы беспилотных систем украины,0.88160527,
джефф миллз,задержка поезда москва-адлер,0.8815964,
участие в концерте киркорова,концерт группы «индиид»,0.8815906,
миньетчицы,ковалевка,0.8815879,
выступление киркорова и пугачевой,песня/стихотворение о бродяге,0.8815867,
наплыв туристов в сочи,наплыв туристов в сочи зимой,0.8815549,
движение по полосам,движение в среднем ряду,0.8815534,
качество установки шумозащитных конструкций,шумозащитные конструкции некачественные,0.8815477,
дорожно-транспортное происшествие,место аварии,0.8815408,
действия силовиков,поведение военных,0.88148224,
частые перебои с электричеством,наличие электричества,0.8814764,
стоимость билетов,цены на билеты в каро8/галерея,0.8814648,
состояние тротуаров,состояние дорог в сипайлово,0.88143426,
ракетная опасность,ракетная атака - провокация,0.88141537,
православный праздник сочельник,празднование рождества православными церквями,0.88140273,
строительство развязки,строительство временной развязки,0.8813897,
вывоз мусора,организация сбора мусора,0.88138103,
работа в магазине,действия сотрудников магазинов,0.8813628,
способ уборки мусора,деятельность зацеперов по сбору мусора,0.8813608,
организация сбора мусора,уборка мусора в районе,0.8813372,
отключение электроэнергии в апшеронском районе,отсутствие электричества на улице тургенева,0.88126975,
смертельное дтп на дороге,смертельное дтп,0.8812673,
рождественские традиции/колядование,празднование рождества христова,0.88123983,
информация мчс о мерах безопасности,обеспечение безопасности,0.881218,
колхозное водительское мнение,водители и автомобили,0.88121676,
прикорм у детей,"питание детей в 1,5 года",0.8812033,
состояние трассы ростов-волгодонск,рекорд кассовых сборов фильма «чебурашка 2»,0.8811637,
качество дорог в челябинской области,состояние дорог в семсовхозе,0.8811577,
действия нападавшего,ситуация с нападением,0.88115144,
рождество в краснодаре,рождественские богослужения,0.88114953,
место происшествия,факты происшествия,0.8811298,
деятельность зацеперов по сбору мусора,поведение мусоров,0.88107014,
гринсайд,ковалевка,0.88105583,
поведение властей,поведение администрации сочи,0.8810345,
укладка асфальта,укладка асфальта на парковке,0.88103324,
участие в концерте киркорова,сцена на концерте,0.8810323,
отключение электроэнергии,ситуация с отключением света,0.8810147,
зацеперы сбор мусора,презик рядом с мусоркой,0.8809967,
деятельность зацеперов по сбору мусора,вывоз мусора в городе,0.8809762,
эксплуатация аттракционов,перевод говнотечки,0.8809489,
выдача штрафа,штраф или лишение прав,0.8809047,
хищение денег из кассы,хищение денег сотрудником,0.8809033,
ковалевка,подсвечник/антиквариат,0.880901,
ценники на товары,ситуация с ценами,0.8808867,
вывоз мусора в городе,вывоз мусора на грэс,0.8808769,
полет беспилотников,источник беспилотников,0.88087106,
беспилотники,дрон сбитый,0.8808596,
состояние дорог во вoenном городке,состояние дорог в сипайлово,0.88085777,
ситуация на украине,действия украины (нападение),0.88085437,
повышение цен на билеты в кинотеатрах,цены на билеты в кино,0.88085073,
укладка асфальта,качество укладки асфальта,0.88083124,
дрон сбитый,методы противодействия дронам,0.8808306,
угроза беспилотной опасности,теракты и беспилотники,0.8808253,
список школ с ремонтом,капитальный ремонт школы,0.88082224,
современные реалии,реальность событий,0.8808222,
отсутствие электричества,отсутствие электричества на улице тургенева,0.88080716,
беспилотная опасность,беспилотники и пво,0.8807758,
повышение цен/эксплуатация,повышение цен на продукты,0.88076997,
частота уборки мусора,уборка мусора в районе,0.88076556,
вывоз мусора в гэсе,уборка мусора,0.8807538,
фильмы юности,премьеры в кино,0.88071513,
ветер и погодные условия,погодные условия,0.8807113,
рождественские богослужения в каменске,канун рождества христова,0.88070184,
участие в концерте киркорова,премьеры в кино,0.88066775,
фильм хроники нарнии,анекдот времён ссср,0.88062894,
ктркороае,кальян,0.8806031,
состояние дороги на ул. заводской,перевод говнотечки,0.880598,
автомобильный инцидент,результат аварии,0.88058573,
действия силовиков в ресторане,проверка силовиков в ресторане,0.88057643,
кинопремьеры 2026 года,джефф миллз,0.88056713,
взрыв на нагибина,взрывы,0.88053954,
дтп,место дтп,0.8805302,
использование скрытых камер,работа камер видеонаблюдения,0.8805243,
угроза безопасности,обеспечение безопасности,0.88052285,
работа коммунальных служб по уборке снега,уборка снега вокруг тц дуван,0.8805154,
отключение электричества в общагах юфу,отключение электричества в кампусе юфу,0.8805105,
сбитый беспилотник,действия сша по запуску дронов,0.8804933,
прикорм для детей,альтернативное детское питание,0.88047886,
матвей,зацеперы,0.88047236,
состояние города,состояние города и работа администрации,0.88044804,
сбитый беспилотник,методы противодействия дронам,0.88042414,
безопасность района красноармейская,меры безопасности на улице красноармейской,0.88040704,
количество камер видеофиксации,количество камер видеофиксации нарушений пдд,0.8803657,
конфессия русская,история новороссийска,0.8803445,
фирма по вывозу мусора,график работы компании по вывозу мусора,0.8803282,
кинопремьеры 2026 года,характеристика глав субъектов рф,0.88030314,
отечественное кино,пересъемка старых фильмов/сказок,0.88029706,
дороги осипенко/репин,спектакли московского театра,0.8802835,
проблема вывоза мусора,работа компании по вывозу мусора,0.8802643,
отсутствие электричества,отключение электричества в районе,0.88024956,
запрет на пиротехнику,запрет тонировки,0.88019866,
карьера бритни спирс,дороги осипенко/репин,0.88019013,
кассовые сборы фильма «чебурашка 2»,"сборы фильма ""чебурашка 2"", повышение цен",0.8801859,
информация о богослужении,участие в богослужении,0.8801731,
дтп на тюбинге,ковалевка,0.88015497,
запрет горок,шаурмятни,0.8801333,
отечественное кино,магазины-пятёрочка,0.8801118,
расписание общественного транспорта на рождество,работа общественного транспорта на рождество,0.88011074,
состояние нагорной улицы,состояние дорог и тротуаров,0.8801067,
лучшие времена рф,премьеры в кино,0.8801036,
дед мороз как символ,дед мороз,0.8800645,
безопасность при угрозе,безопасность района,0.88003683,
психологическая помощь,рекомендации психологов,0.8800319,
дорожная обстановка,автодорога,0.88000774,
информация о стоимости свадьбы,стоимость свадьбы в будущем,0.88000715,
площадь советов (ростов-на-дону),"сериал «клуб», вася",0.8799986,
методы противодействия дронам,источник беспилотников,0.87996984,
джефф миллз,перевод говнотечки,0.87996626,
работа мастеров,работа мах,0.8799437,
колхозное водительское мнение,поведение владельцев автомобилей,0.8799175,
празднование рождества в ростове,рождественская ярмарка,0.87989247,
фиксация беспилотных летательных аппаратов,эффективность пво против дронов,0.8798851,
мусор в районе школы искусств,мусор в районе школы,0.87988174,
военные действия против украины,действия украины (нападение),0.879865,
дтп с акцентом под волгодонском,перевод говнотечки,0.87985235,
ситуация с уборкой мусора,вывоз мусора в гэсе,0.87983716,
поведение автора (водителя),поведение автора/издания,0.87980217,
перебои с электричеством,отсутствие электричества у зазулина,0.87980103,
времена 90-х годов,сравнение с 90-ми годами,0.87979865,
карьера бритни спирс,площадь советов (ростов-на-дону),0.87978745,
состояние запорожской улицы,закаты в городе,0.8797769,
политики/общество в мире,политики стран,0.8797696,
насилие над девушками,насилие против женщин,0.8797616,
состояние дороги после уборки,ремонт дороги,0.8797549,
новые шумозащитные конструкции,качество шумозащитных конструкций,0.8797516,
цена на товары/услуги,цена услуг,0.8797342,
рождественский сочельник,рождество христово (праздник),0.87971777,
метод сбора мусора,состояние мусорных контейнеров,0.87970054,
альбом бритни спирс,рекорд кассовых сборов фильма «чебурашка 2»,0.8796866,
закон и его эффективность,законодательство,0.8796725,
зацеперы,гринсайд,0.8796539,
закрытие парка досрочно,закрытие парков раньше времени,0.879641,
поведение водителя «нивы»,водитель автомобиля,0.8795957,
характеристика глав субъектов рф,перевод говнотечки,0.8795904,
действия полиции/властей,поведение сотрудников полиции (pls),0.8795742,
гринсайд,сирены,0.8795625,
загрязнение грунтовых вод,сброс нечистот в реку белекес,0.8795622,
объявление о ракетной опасности,скрытая информация о ракетной опасности,0.87945396,
перебои с электричеством в центре,отключение электричества в районе,0.8794452,
отечественное кино,спектакли московского театра,0.87943465,
возбуждение уголовного дела,расследование уголовного дела,0.8794203,
атака беспилотников на россию,атака украинских беспилотников,0.87939847,
метод сбора мусора,организация вывоза мусора,0.87939805,
профессиональная деятельность автора поста,деятельность автора поста,0.8793879,
распространение мусора,ситуация с уборкой мусора,0.8793827,
поведение петушара,поведение всу,0.8793394,
количество людей,население мероприятия,0.87929475,
данные о рождаемости,рождаемость детей,0.879285,
инцидент на горке,происшествие в краснодаре,0.87928116,
рождественская служба,рождество в краснодаре,0.8792683,
отключение электричества в общагах,отключение электроэнергии на улицах,0.8792659,
концерт ленинграда,электроснабжение жк вест-сайд,0.8792432,
повышение цен на проезд в автобусе,повышение стоимости проезда,0.87923896,
отсутствие электричества в анапе,отсутствие электричества у зазулина,0.8792219,
действия властей казахстана,связь событий с казахстаном,0.87919647,
сбитый беспилотник,беспилотники уничтоженные,0.87916976,
термин водительница в пдд,отечественное кино,0.87916106,
термин водительница в пдд,задержка поезда москва-адлер,0.8791408,
состояние дорог во вoenном городке,состояние дорог в челябинской области,0.8791378,
судьба осужденного,деятельность осужденных,0.87912476,
действия деда мороза,мероприятие деда мороза,0.8791225,
новые правила тонировки,соблюдение правил тонировки,0.8791094,
очистка парковочных карманов,чистка карманов дорог,0.8791057,
рождественский сочельник,рождественская служба,0.87908554,
водитель автомобиля,поведение водителя «ниссана»,0.8790499,
"сериал «клуб», вася",характеристика глав субъектов рф,0.87904346,
дтп на трассе ростов – семикаракорск – волгодонск,состояние дороги на ул. заводской,0.87904143,
анекдот времён ссср,состояние дороги на ул. заводской,0.8790298,
место происхождения агрессора,географическая принадлежность агрессора,0.8789905,
действия гибдд,деятельность зацеперов,0.8789877,
состояние тротуаров,состояние парковки и дороги,0.87896293,
работа коммунальных служб,работа администрации города,0.87894356,
качество уборки снега,уборка снега вокруг тц дуван,0.87892616,
расклейка незаконной рекламы,борьба с расклейщиками объявлений,0.87890446,
возраст водителя,статистика дтп по возрасту водителей,0.87886107,
карьера бритни спирс,задержка поезда москва-адлер,0.8788394,
состояние дорог,состояние парковки и дороги,0.8788192,
сбор налогов,бюджетные меры по сбору налогов,0.8788045,
дроновое нападение,теракты и беспилотники,0.87879777,
коррупция в правоохранительных органах,коррупция в судебной системе,0.8787946,
энергоснабжение в районе,электроснабжение,0.87878054,
событие в магазине,магазины,0.8787739,
уровень жизни в ссср,жизненный уровень,0.8787726,
филипп киркоров,кража сочинца,0.87877154,
участие в концерте киркорова,"титул ""поп-король"" филиппа бедросовича",0.87877095,
состояние областных дорог,городской бор - дорога,0.8787591,
отключение света в центре,отключение света на терской,0.8787479,
страховое покрытие операции,страховая компания,0.87869954,
объявление о беспилотной и ракетной опасности,распространение информации об угрозе беспилотников,0.8786667,
ракетная опасность в ростовской области,ракетная опасность,0.87864935,
рождественская служба,празднование рождества христова,0.87864757,
поведение силовиков при проверке,проверка силовиков,0.8786434,
атаки беспилотниками по россии,атака украинских беспилотников,0.8786087,
участие в концерте киркорова,площадь советов (ростов-на-дону),0.8785975,
подсвечник/антиквариат,кальян,0.8785659,
концерт поп-короля,электроснабжение жк вест-сайд,0.87855387,
альбом бритни спирс,электроснабжение жк вест-сайд,0.8785302,
эффективность уничтожения дронов,беспилотники уничтоженные,0.878515,
зацеперы,подсвечник/антиквариат,0.8784729,
претензии сша на гренландию,геополитическая ситуация в гренландии,0.87845296,
состояние дорог во вoenном городке,состояние нагорной улицы,0.8784463,
меры чиновников,меры правительства,0.878441,
концерт киркорова,кассовые сборы фильма «чебурашка 2»,0.8783988,
опасная горка,грозное явление,0.87839603,
ожидание улучшения ситуации с дорогами,дорожная ситуация,0.8783529,
информация о беспилотниках,действия в рб связанные с беспилотниками,0.8783442,
качество дорог в челябинской области,качество дорожных работ,0.8783394,
благоустройство территории школы,ремонт школы,0.878329,
жк вест-сайд,анекдот времён ссср,0.878314,
участие в концерте любэ,состояние дороги на ул. заводской,0.87830734,
ёлка в екатеринбурге,ёлка на площади в челябинске,0.87830377,
вывоз мусора в городе,организация вывоза мусора,0.87829983,
концерт ленинграда,кинопремьеры 2026 года,0.8782759,
возврат бракованного товара,процедура возврата товара,0.87826383,
водители и автомобили,водитель машины,0.8782581,
взрывы беспилотников,работа пво по сбитым беспилотникам,0.8782542,
поведение трампа,поведение трампа (танец),0.878226,
водители после 60 лет,водители-пенсионеры на старых автомобилях,0.87818056,
дтп,ад,0.87817115,
участие в боевых действиях против россии,действия россии,0.8781186,
ракетная опасность,скрытая информация о ракетной опасности,0.8781161,
качество уборки снега,чистка снега в екатеринбурге,0.8780926,
насилие против женщин,насилие против девушки,0.87808526,
черно-белые зимние кадры,наступление зимы,0.8780814,
безопасность детей на льду,происшествие с детьми на льду,0.87806594,
состояние дороги ростов-волгодонск,маршрут красноярск-москва-геленджик,0.87803566,
состояние трассы екад,состояние дороги плотинка,0.87801945,
празднование рождества,рождественская ярмарка,0.87800646,
карьера бритни спирс,кинопремьеры 2026 года,0.87800217,
состояние дорог,строительство дорожной развязки,0.8779814,
участие в концерте любэ,характеристика глав субъектов рф,0.87797165,
состояние дорог,состояние тротуаров на автолюбителей,0.87793344,
поведение водителя во время дтп,колхозное водительское мнение,0.8779306,
железнодорожные задержки,приостановка движения поездов,0.87791425,
выступление киркорова и пугачевой,крым чей,0.8778975,
"титул ""поп-король"" филиппа бедросовича",участие в концерте любэ,0.8778874,
статус сочи,закат в сочи,0.87788576,
сбитие беспилотников,информация о беспилотной атаке,0.87786245,
задержка поезда москва-адлер,кассовые сборы фильма «чебурашка 2»,0.8777976,
ухудшение качества уборки мусора,уборка мусора,0.87779087,
покупка квартиры в жк ривьера,продажа квартир в жпэ,0.87778974,
криминальные группы,преступники-насильники,0.87778103,
нападение на девушек,насилие над девушками,0.87777764,
пожизненное заключение,рассказы о пожизненном заключении,0.8777334,
дороги осипенко/репин,пересъемка старых фильмов/сказок,0.877725,
объявление беспилотной и ракетной опасности,распространение информации об угрозе беспилотников,0.877721,
налог для холостяков,косвенные налоги,0.8777197,
проблемы с канализацией,проблемы с водоснабжением,0.87769276,
"титул ""поп-король"" филиппа бедросовича",дороги осипенко/репин,0.8776748,
поведение сотрудников гаи,поведение сотрудников угро,0.8776696,
сбитие беспилотников,методы противодействия дронам,0.8776661,
проблема с вывозом мусора,вывоз мусора / подрядчик,0.8776628,
дата празднования рождества у католиков и православных,празднование рождества православными церквями,0.87764764,
переполненные контейнеры и мусор на улицах,состояние мусорных контейнеров,0.87760454,
инцидент на красноармейской улице,красноармейская улица как место события,0.87759894,
презик рядом с мусоркой,вывоз мусора в гэсе,0.87758046,
безопасность на улицах,меры по улучшению безопасности на дорогах,0.87757415,
дорожно-транспортное происшествие,авария на трассе м4,0.87757015,
мусор на контейнерной площадке,вывоз мусора в гэсе,0.877548,
вывоз мусора,зацеперы - подбор мусора вне кабины,0.87752455,
вывоз мусора на лозового,накопление мусора,0.8775238,
система управления мусором,накопление мусора,0.877505,
состояние дорог в челябинске,качество дорог в челябинской области,0.87749106,
карьера бритни спирс,рекорд кассовых сборов фильма «чебурашка 2»,0.8774837,
дтп на трассе семикаракорск-волгодонск,характеристика глав субъектов рф,0.8774812,
авария на базовом переулке,автомобильный инцидент,0.8774668,
состояние города,управление городом,0.8774559,
организация праздника,организация новогодних мероприятий,0.8774407,
тревога жителей региона,уровень тревожности регионов,0.87743586,
кинопремьеры 2026 года,состояние дороги на ул. заводской,0.877433,
поведение родителя (несоблюдение присмотра),поведение родителей агрессора,0.87740505,
ковалевка,жёсткое дтп,0.8773967,
поведение бородача,поведение ослов,0.8773879,
подход к воспитанию детей,воспитание детей ненадлежащим образом,0.87738454,
качество российских фильмов,премьеры в кино,0.87734073,
работа жкх,работа,0.8773402,
полет беспилотников,сбитые беспилотники над башкирией,0.8773259,
дорожная обстановка,состояние тротуаров,0.8773084,
кошки на дереве,кот застрял на дереве,0.8772735,
состояние трассы ростов-волгодонск,дтп на трассе ростов – семикаракорск – волгодонск,0.8772621,
действия полиции/властей,реакция власти на преступление,0.877254,
кража ёлки,кража сочинца,0.8772423,
москва как место проживания,москва,0.87722516,
реакция на нападение,ситуация с нападением,0.8772169,
способ уборки мусора,распространение мусора,0.87717795,
повышение рождаемости,новая модель рождаемости,0.87713575,
невнимательность пешеходов,поведение пешехода,0.87713003,
движение животных к хадыженску,осёл и его перемещение,0.8771244,
клапан двери,состояние двери в подъезде,0.87711453,
действия минобороны,действия минобороны по уничтожению бпла,0.8771075,
авария на базовом переулке,происшествие с машиной,0.8770615,
автодорога,дорожное движение,0.87705016,
выбор песен деда мороза,пение деда мороза,0.8770437,
действия электриков,электроснабжение,0.87700236,
предложение квартир в жк,продажа квартир в жпэ,0.87699383,
общественная ситуация,общественная значимость вопроса,0.87699366,
задержка поезда москва-адлер,дороги осипенко/репин,0.8769914,
порывы ветра,ветер как причина проблем,0.8769723,
метод лечения зубов,услуги имплантации зубов,0.87695146,
ледовый городок екатеринбурга,ледовый дворец,0.8769437,
военные действия против украины,действия украины (атаки бпла),0.8769336,
сбор информации от свидетелей,обращение к свидетелям,0.87691915,
дтп на трассе,дорожная обстановка,0.8768564,
поведение автора комментария - отсутствие в обсуждении,поведение автора комментария (сохранение стихов),0.8768342,
цена проезда,стоимость покататься на санках,0.87681454,
коррупция в правоохранительных органах,действия властей/коррупция,0.87679726,
выбор места для съемки,место съемки,0.87679696,
секс как физическая активность,физическая активность во время интимных отношений,0.8767846,
работа пво по сбитым беспилотникам,источник беспилотников,0.8767443,
поведение в рождество,рождественские мероприятия,0.87673455,
беспилотная опасность,беспилотная атака,0.8766879,
внешность филиппа киркорова,образ киркорова,0.87663937,
закрытие ворот в парке,закрытие парка досрочно,0.87662554,
место аварии,адрес места происшествия,0.87662005,
конфликт на дороге,дорожная ситуация,0.8766078,
повышение цен на проезд,повышение цен,0.87657845,
зацеперы,дтп под нижним тагилом,0.87655157,
опасная горка,смертельное дтп,0.87652814,
ёлка в миассе,ёлка в уфе,0.8765212,
электроснабжение жк вест-сайд,маршрут красноярск-москва-геленджик,0.8765143,
судьба собак,спасение собак,0.87651235,
управление городом,действия муниципалитета,0.87649226,
взрывы беспилотников,информация о беспилотной атаке,0.8764773,
повышение цен на продукты и коммунальные услуги,повышение цен на товары,0.87646973,
уничтожение беспилотников пво,источник беспилотников,0.87645745,
выступление артиста и его подтанцовка,первая часть фильма чебурашка,0.87642163,
водители в дтп,водитель автомобиля,0.8764179,
дтп на трассе,состояние дорог в сипайлово,0.8764172,
экономическая политика путина,экономическая политика,0.8764107,
получение информации о беспилотниках,беспилотники и пво,0.87640923,
строительство дорожной развязки,состояние областных дорог,0.8763995,
способ уборки мусора,система управления мусором,0.876387,
штрафы за нарушение пдд,размер штрафа за нарушение тонировки,0.8763604,
состояние дорог во вoenном городке,состояние тротуаров,0.8763346,
вывоз мусора в городе,вывоз мусора на первомайской,0.8763099,
информация о беспилотной атаке,съемка фото/видео при беспилотной атаке,0.87629604,
американский беспилотник,фиксация беспилотных летательных аппаратов,0.87628114,
участие в концерте любэ,спектакли московского театра,0.8762566,
рекламный призыв,маркетинговая кампания,0.8762428,
ситуация с вывозом мусора,ситуация с вывозом мусора в красной поляне,0.8762096,
электроснабжение жк вест-сайд,премьеры в кино,0.87618786,
новогодние праздники,рождественский сочельник и его празднование,0.8761871,
вывоз мусора на лозового,распространение мусора,0.87618375,
дрон сбитый,работа пво по сбитым беспилотникам,0.8761807,
эпатажный образ филиппа киркорова,образ киркорова,0.87615097,
состояние нагорной улицы,состояние тротуара возле администрации,0.876147,
участие в концерте киркорова,переезд в челябинск,0.87614477,
агрессивное поведение мужчины,агрессивное поведение мужчин к женщинам,0.8761416,
маршруты автобусов,маршрут общественного транспорта,0.8761241,
деятельность зацеперов по сбору мусора,проблема вывоза мусора,0.87610626,
коррупция в правоохранительных органах,взяточничество - действия власти,0.87608624,
действия гибдд по проверке,действия инспекторов гибдд,0.8760583,
безопасность детей на льду,инцидент с детьми на льду,0.8760513,
рождество христово (праздник),празднование рождества православными церквями,0.8760347,
распространение информации об угрозе беспилотников,информация о беспилотной атаке,0.87602425,
состояние ледового городка,ледовый городок безопасность,0.87601924,
джефф миллз,"сериал «клуб», вася",0.8760112,
газовые котлы и проблема,работа газового котла,0.8759756,
состояние областных дорог,состояние тротуаров,0.8759693,
тонировка автомобиля,дтп с автомобилем нива,0.8759566,
перехват беспилотников,эффективность пво против дронов,0.8759504,
поведение водителя «нивы»,поведение водителя toyota как нарушителя пдд,0.8759377,
температура на улице,погодные условия,0.87588996,
состояние дорог,качество дорог в челябинской области,0.8758618,
чистка екатеринбурга от снега,метод уборки снега,0.8758577,
решение проблемы мусора,реагирование на проблему сброса нечистот,0.8758381,
условия на дорогах,дорожная обстановка в челябинской области,0.87579846,
матвей,миньетчицы,0.8757561,
состояние трассы ростов-семикаракорск,дтп на трассе ростов – семикаракорск – волгодонск,0.87574327,
меры против коррупции,коррупция и растраты бюджетных средств,0.87573147,
поведение водителя во время дтп,поведение водителя «ниссана»,0.8757211,
кинопремьеры 2026 года,первая часть фильма чебурашка,0.8757038,
транспорт в ростове,новый краснодар и транспортная инфраструктура,0.87570024,
стоимость билетов,цена проезда,0.87568873,
беспилотный летательный аппарат (бпла) и его уничтожение,взрывы беспилотников,0.8756753,
штрафы за тонировку,выдача штрафа,0.8756553,
автомобили из каршеринга,дтп с автомобилем нива,0.87561494,
состояние дорог,качество дорог,0.87560785,
образ филиппа киркорова в шубе,эпатажный образ филиппа киркорова,0.87559605,
дорога ростов-семикаракорск-волгодонск,задержка поезда москва-адлер,0.87558657,
эффективность пво против дронов,беспилотники и пво,0.875559,
база бородкиной,кража сочинца,0.8755451,
меры безопасности,безопасность района,0.8755311,
ситуация в магазине ростова,наличие холодца в магазине,0.87550294,
кутья,кутья и её состав,0.8754785,
инцидент на улице ростова,авария на невском проспекте,0.8754442,
ситуация на остановке,остановка,0.87543976,
оказание услуги за деньги,оплата услуг,0.8754256,
кормление птиц зимой,кормление птиц блинами,0.87542355,
расписание общественного транспорта на рождество,продление работы общественного транспорта на рождество,0.8753983,
качество исполнения,качество продукции,0.87538683,
увеличение штрафов за детские кресла,штрафы за отсутствие детских кресел,0.87538266,
матвей,кальян,0.8753769,
запрет горок,сбитые бпла,0.8753296,
зацеперы,ад,0.87531304,
архитектура доходного дома,архитектура дома,0.8753113,
кинопремьеры 2026 года,концерт группы «индиид»,0.8753029,
маршрут до геленджика,состояние дороги на ул. заводской,0.87529767,
водители в дтп,водители и автомобили,0.87526935,
здоровье автора,здоровье автора поста,0.8752574,
участие в концерте любэ,"сериал «клуб», вася",0.875257,
ситуация в магазине ростова,магазины,0.87523603,
общее состояние страны и региона,обстановка в регионе,0.87523425,
агрессивное поведение граждан,агрессивное поведение в обществе,0.8752222,
рождественская ярмарка,рождество в краснодаре,0.8751478,
рождество в храмах,рождественские богослужения в каменске,0.87513614,
дорожное покрытие - опасный фактор,дорожная обстановка,0.8751339,
способ уборки мусора,проблема вывоза мусора,0.8751189,
лист жести на дереве,дерево на проводах,0.87511766,
продажа шаурмы через мах,место продажи шаурмы,0.8751078,
городской бор - дорога,дорожное движение,0.8750994,
автодорога,автовокзал,0.8750922,
информация о мерах безопасности,обеспечение безопасности,0.8750699,
цены на билеты,цены на билеты в каро8/галерея,0.87506926,
действия сша по запуску дронов,сбитые беспилотники над башкирией,0.87506473,
новые штрафы за тонировку,введение единых штрафов,0.8750361,
новые правила развода,процесс развода при изменах,0.8750302,
дорожное покрытие - опасный фактор,дорожная ситуация,0.8750088,
цена проезда,цены на билеты,0.8749776,
угроза бпла,лист жести как угроза безопасности,0.87497526,
зацеперы,шаурмятни,0.8749428,
преображение городских пространств,состояние города,0.8749292,
набор персонала в магазин,действия сотрудников магазинов,0.87492573,
выбор фильмов из подборки,подборка фильмов,0.87491536,
новое правило о штрафах за тонировку,размер штрафа за нарушение тонировки,0.8749131,
беспилотники,эффективность пво против дронов,0.87490684,
использование реагентов в ледовом городке,ледовый городок,0.8749001,
городской порядок,общественный порядок,0.8748821,
действия силовиков при проверке ресторана,полицейская проверка гостей ресторана,0.87487686,
состояние города,закаты в городе,0.8748608,
мусор на контейнерной площадке,ситуация с вывозом мусора,0.87485427,
водители и автомобили,поведение водителей за рулем,0.8748485,
вредная еда,вред фастфуда для организма,0.8748428,
рождественский сочельник,поздравление с рождеством,0.87481797,
участие в концерте киркорова,"сериал «клуб», вася",0.87481034,
религиозное мероприятие (рождество в храме),рождественские богослужения,0.8747854,
безопасность прогулок в екб,безопасность общественных мест,0.87478065,
проблема с вывозом мусора,работа компании по вывозу мусора,0.87478054,
дорожное движение,пробка,0.87475723,
песня/стихотворение о бродяге,магазины-пятёрочка,0.87471116,
поведение мусоров,ситуация с уборкой мусора,0.87467396,
деятельность зацеперов по сбору мусора,контроль вывоза мусора,0.8746214,
уборка мусора в екатеринбурге,ситуация с уборкой мусора,0.8745648,
жёсткое дтп,пво,0.87455684,
качество ингредиентов для шавермы,качество шаурмы и аналогичных блюд,0.8745475,
дтп на трассе,автовокзал,0.8745366,
задержка поезда москва-адлер,характеристика глав субъектов рф,0.8745269,
частота уборки мусора,ухудшение качества уборки мусора,0.8745252,
работа администрации города,внимание властей к городу,0.87450033,
проблема с вывозом мусора,вывоз мусора в городе,0.8744924,
повышение цен на продукты и коммунальные услуги,повышение цен на продукты питания,0.8744769,
зацеперы - подбор мусора вне кабины,работа по вывозу мусора,0.8744541,
ситуация в магазине ростова,событие в магазине,0.87444997,
состояние тротуаров на улице автолюбителей,дорожная ситуация,0.87444794,
предложение подработки,предложение проекта,0.87444085,
подача питьевой воды,проблемы с водоснабжением,0.8744395,
введение единых штрафов,введение новых штрафов за тонировку,0.8744384,
объявление о ракетной опасности,план действий при ракетной опасности,0.8744317,
пожар в соседнем доме,пожар в квартире - местоположение,0.8744252,
закон о штрафах за тонировку,размер штрафа за нарушение тонировки,0.87440974,
место проведения мероприятия,выбор места проведения,0.8744044,
отключение электричества в жк вест-сайд,отключение света в жк вест-сайд,0.87439203,
работа сотрудников ломбарда,работа сотрудников,0.8743694,
поведение пользователей,отношение жкх к пользователям,0.87434244,
зацеперы,жестяной лист,0.8743229,
работа пожарных,пожарные гидранты,0.87426776,
беспилотники,беспилотная атака,0.8742598,
состояние канализации и бездействие властей,действия по устранению проблемы с канализацией,0.87425905,
состояние дорог в таганроге,состояние дорог в сипайлово,0.87425536,
поведение автора комментария,поведение автора комментария - способность решать проблему самостоятельно,0.8742312,
повышение цен на проезд,повышение цен на проезд в автобусе,0.8742236,
барахолки в парке горького,парк,0.8741957,
состояние дорог и тротуаров,дорожная ситуация,0.8741502,
участие в обсуждении,поведение участников дискуссии,0.87414587,
проблема вывоза мусора,уборка мусора,0.87414485,
уборка мусора в районе,накопление мусора,0.874135,
беспилотная атака,съемка фото/видео при беспилотной атаке,0.8741325,
продуктовая корзина состав,продуктовый кб,0.87410957,
дорожная обстановка на базовом переулке,состояние областных дорог,0.87405086,
фиксация беспилотных летательных аппаратов,работа пво по сбитым беспилотникам,0.8740442,
взрывы,взрывы в стерлитамаке,0.8740338,
состояние шумозащитных конструкций,метод крепления шумозащитных конструкций,0.87403077,
выбор песен деда мороза,мероприятие с дедом морозом и выбор песни,0.87401265,
качество российских фильмов,отечественное кино,0.87400115,
запуск беспилотников,дроновое нападение,0.8739676,
альбом бритни спирс,дтп на трассе семикаракорск-волгодонск,0.8739317,
поиск помощи/работы,привлечение помощи/работы,0.873855,
поведение людей,поведение всу,0.87385064,
автомобиль нива (полный привод),дтп с автомобилем нива,0.8738495,
процесс взятия пробы асфальта,качество укладки асфальта,0.87384754,
дорога ростов-семикаракорск-волгодонск,спектакли московского театра,0.8738041,
поведение водителей,поведение водителя «ниссана»,0.8738004,
отключение воды в ростове,подача питьевой воды,0.87374943,
жилищные и социальные условия,жилищные проблемы граждан,0.87374365,
новое правило медиации при разводе,новые правила развода,0.87372947,
празднование рождества христова,празднование рождества в ростове,0.8737259,
отключение электричества,отключение электроэнергии в апшеронском районе,0.8736985,
действия властей/подрядчиков,действия властей/производителей,0.8736888,
вывоз мусора,ситуация с вывозом мусора в красной поляне,0.87368625,
питание пассажиров при задержке,задержка поездов и питание пассажиров,0.8736403,
дорога ростов-семикаракорск-волгодонск,маршрут до геленджика,0.8736317,
поведение водителя во время дтп,поведение владельцев автомобилей,0.87360907,
выступление филиппа киркорова,деятельность филиппа киркорова,0.8736075,
переезд в челябинск,кассовые сборы фильма «чебурашка 2»,0.87358546,
рост цен на продукты,рост цен,0.87358165,
рождественская служба,празднование рождества в ростове,0.87357247,
обман с дедом морозом,выступление деда мороза,0.87347686,
участие в концерте любэ,состояние трассы ростов-семикаракорск,0.87347513,
лучшие времена рф,эксплуатация аттракционов,0.8734673,
беспилотные аппараты (бпла),действия в рб связанные с беспилотниками,0.87346584,
отключение электричества в общагах юфу,отключение электричества в общагах,0.87345177,
организация сбора мусора,фирма по вывозу мусора,0.87343466,
угроза беспилотной опасности,уничтожение беспилотников пво,0.87342435,
состояние дорог,дорожная обстановка в челябинской области,0.87341744,
легковые автомобили на картинке,дтп с автомобилем нива,0.87340784,
рождество в храмах,канун рождества христова,0.87340087,
полет беспилотников,беспилотные аппараты (бпла),0.8733897,
обрушение крыши,жилищная проблема после обрушения крыши,0.8733787,
состояние дорог в челябинской области,состояние дорог и тротуаров,0.87335765,
частые перебои с электричеством,перебои с электричеством в апшеронском районе,0.87335217,
сбитие беспилотников,эффективность уничтожения дронов,0.8733481,
поведение автора поста,поведение автора комментария,0.8733399,
решение проблемы вывоза мусора,вывоз мусора в городе,0.873338,
налоги для бизнеса,налоги малого бизнеса,0.8733376,
дорожная обстановка на базовом переулке,состояние тротуаров на автолюбителей,0.8733277,
электроснабжение жк вест-сайд,переезд в челябинск,0.87330765,
ковалевка,пво,0.873276,
мероприятие у церкви,отпевание в церкви,0.8732725,
рынок недвижимости - искусственные цены,цена вторичной недвижимости,0.8732693,
кража ёлки,ситуация с листом жести,0.8732325,
информация о беспилотниках,действия при обнаружении дрона,0.87313366,
детские смеси nestlé,производство детских смесей,0.87307155,
американский беспилотник,действия сша по запуску дронов,0.8730448,
безопасность трассы ростов-семикаракорск-волгодонск,безопасность района красноармейская,0.87299854,
ёлки в области,лист жести на дереве,0.87299675,
ремонт дороги,строительство дорог и развязок,0.87295175,
организация сбора мусора,накопление мусора,0.8729476,
участие в концерте киркорова,пересъемка старых фильмов/сказок,0.8729408,
существование деда мороза,дед мороз,0.8729335,
кинопремьера одесия,электроснабжение жк вест-сайд,0.8729056,
действия властей,меры правительства,0.8728949,
работа по вывозу мусора,работа по вывозу мусора в праздничные дни,0.87289447,
фирма по вывозу мусора,вывоз мусора в городе,0.87289226,
ремонт дороги,качество ремонта дороги,0.87287074,
объявление опасности мчс,объявление опасности через приложение мчс,0.8728673,
отечественное кино,характеристика глав субъектов рф,0.8728169,
получение информации о беспилотниках,источник беспилотников,0.87281495,
состояние областных дорог,состояние дорог в сипайлово,0.8727737,
перебои с электричеством,частота отключений электричества,0.8726792,
факт повреждения машины,результат аварии,0.87266326,
работа пво по сбитым беспилотникам,уничтожение беспилотников пво,0.8726464,
жк июнь,квартира на июне,0.87263304,
реклама в канале,рекламный призыв,0.87259865,
перебои с электричеством,отключение электроэнергии в зазулине,0.87259346,
реагенты на тротуарах,состояние дорог и тротуаров,0.8725888,
мероприятие деда мороза,образ деда мороза и репертуар,0.872587,
военные действия в рф,характеристика глав субъектов рф,0.87258583,
жёсткое дтп,жестяной лист,0.87257123,
состояние дороги ростов-волгодонск,трагедия на трассе ростов-волгодонск,0.8725599,
действия нападавшего,действия злоумышленника,0.87254304,
дтп на тюбинге,плотинка,0.87254024,
средства самозащиты,эффективность средств самообороны,0.8724768,
поведение водителя «ниссана»,водитель машины,0.87247425,
состояние дорог в челябинске,состояние улицы чайковского,0.87246364,
филипп киркоров,ковалевка,0.8724474,
общее содержание видео,действия в видео,0.872429,
свадьба и количество гостей,организация свадебного банкета,0.8724232,
состояние льда,использование реагентов в ледовом городке,0.8723523,
фильмы юности,качество отечественного кино,0.8723415,
рождественская литургия,рождественские богослужения с огнями и гимнами,0.8723415,
получение информации о беспилотниках,действия при обнаружении дрона,0.8723126,
рождаемость в башкортостане,рождение детей в башкирии,0.8723126,
оплата жкх,оплата жкх (учет праздничных дней),0.87225366,
дрон сбитый,взрывы беспилотников,0.8722405,
"титул ""поп-король"" филиппа бедросовича",жк вест-сайд,0.87223923,
повышение цен в магазинах,частое повышение цен на товары,0.8722169,
написание слова 'кутёй',"термин ""кишлак""",0.87221396,
деятельность зацеперов по сбору мусора,частота уборки мусора,0.8722073,
зацеперы сбор мусора,проблема вывоза мусора,0.8722056,
состояние льда на катке,использование реагентов на ледовом городке,0.8721881,
коррупция в правоохранительных органах,коррупция проверяющих,0.87218595,
работа чата,работа сотрудников,0.8721722,
снежная обстановка,уборка снега вокруг тц дуван,0.8721689,
концерт ленинграда,жк вест-сайд,0.872168,
карьера бритни спирс,дтп на трассе семикаракорск-волгодонск,0.87215394,
исполнение законов,закон и его эффективность,0.87215006,
кинопремьера одесия,кинопремьеры 2026 года,0.87214917,
обеспечение безопасности,обеспечение безопасности сотрудниками,0.87214303,
прогноз погоды,погода/условия в ростове,0.8721322,
зацеперы сбор мусора,распространение мусора,0.8721303,
парковка автомобилей в парке,общая ситуация с парковкой,0.87212855,
безопасность района,безопасность региона/уфа,0.87208587,
состояние мусорных контейнеров,метод утилизации мусора,0.87207735,
празднование рождества и нового года,рождество христово (праздник),0.8720741,
задержка поездов из-за повреждения железнодорожного полотна,задержка поезда москва-адлер,0.87207115,
обязательная процедура медиации при разводе,процесс развода при изменах,0.8720404,
метод сбора мусора,частота уборки мусора,0.87200737,
насилие против женщин,насилие против женщин в дагестане,0.8719752,
действия муниципалитета,работа мэрии,0.8719733,
состояние пострадавших,оценка тяжести травм пострадавших,0.8719683,
мероприятие филиппа киркорова,стиль филиппа киркорова,0.87196624,
ситуация с вывозом мусора,вывоз мусора на первомайской,0.8719045,
ремонт futuro,прошлое состояние futuro,0.8718953,
москва - лицо страны,история новороссийска,0.87187773,
опасная горка,опасная ситуация с листом жести,0.87186843,
повышение цен в магазинах,повышение цен на товары,0.8718581,
позиция хабирова в рейтинге влияния,данные рейтинга влияния глав,0.87185395,
ситуация с вывозом мусора,система управления мусором,0.87183857,
горнолыжный курорт,горнолыжный курорт в башкирии,0.8718373,
безопасность города,безопасность района,0.87182677,
состояние дорог,дорожное покрытие - опасный фактор,0.8718252,
состояние дороги после уборки,чистка проездов,0.8718014,
рождественская литургия,крестный ход в рождество,0.8717816,
условия на дорогах,качество дорог,0.8717571,
работа администрации,поведение администрации,0.871753,
альбом бритни спирс,анекдот времён ссср,0.87171674,
штраф за нарушение тонировки,новый закон о штрафах за тонировку,0.8716767,
предложение работы,предложение разовой работы,0.871672,
ситуация с вывозом мусора,уборка мусора,0.8716452,
состояние областных дорог,состояние дорог в челябинской области,0.8716247,
фирма по вывозу мусора,вывоз мусора на первомайской,0.8716185,
ёлка/праздничные традиции,празднование рождества,0.871602,
рост цен на продукты,частое повышение цен на товары,0.87158716,
распространение мусора,уборка мусора,0.8715795,
религиозное мероприятие (рождество в храме),празднование рождества христова,0.8715259,
песня/стихотворение о бродяге,водитель-певец,0.8714348,
отключение электричества в жк вест-сайд,отключение электричества в районе,0.8714133,
поезд до режета,состояние железной дороги,0.87139237,
строительство развязки,строительство на участке,0.871371,
поведение автора проигранный,поведение автора и зацеперов,0.87136936,
условия в поездах,состояние железной дороги,0.87135863,
сумма подарка на свадьбу,расходы на свадьбу,0.8713386,
инцидент на горке,результат аварии,0.87131417,
москва как место проживания,жизнь в россии,0.8713138,
удары украинскими беспилотниками,использование украинских беспилотников,0.87131023,
ёлка в миассе,деревья в уфимском дворе (неухоженные),0.87128294,
канун рождества христова,празднование рождества христова под другим именем,0.871276,
задержка поезда москва-адлер,состояние дороги ростов-волгодонск,0.8712746,
американский беспилотник,действия при обнаружении дрона,0.8712702,
повышение цен на продукты,причины повышения цен,0.8712355,
казахстан на первом кадре,ктк в казахстане,0.87120855,
зацеперы сбор мусора,ситуация с вывозом мусора,0.8712048,
защита от беспилотной атаки,методы противодействия дронам,0.8711958,
опасность из-за атаки беспилотников,уничтожение беспилотников пво,0.87113976,
получение информации о беспилотниках,информация о беспилотной атаке,0.8710971,
эмигрантство,эмигранты как потеря для отчизны,0.8710908,
дорожная обстановка,опасность трассы,0.87106675,
дорожная обстановка,наезд на автомобиль и уезд с места дтп,0.87106186,
состояние нагорной улицы,состояние тротуаров на улице автолюбителей,0.8710572,
место события в краснодаре,происшествие в краснодаре,0.8710513,
дрон сбитый,способ уничтожения беспилотников,0.87104076,
реагенты на тротуарах,дорожная обстановка,0.8710386,
кинопремьера одесия,дорога ростов-семикаракорск-волгодонск,0.8710339,
политика башкирии под хабировым,состояние власти в башкирии,0.8710338,
идея фильма,содержание фильма,0.8710252,
празднование рождества и нового года,рождественские богослужения,0.8709869,
жк вест-сайд,перевод говнотечки,0.870969,
поведение сотрудников гаи,поведение сотрудников ук,0.8709288,
повышение цен на продукты,повышение цен/ндс,0.8709278,
ракетная опасность и вероятность угрозы,скрытая информация о ракетной опасности,0.87089455,
поведение женщины в пвз,поведение женщины-оскорбительницы,0.8708935,
зацеперы сбор мусора,вывоз мусора в городе,0.8708697,
действия при обнаружении дрона,полет беспилотников,0.8708599,
факт повреждения машины,запищавшие машины,0.87085164,
действия электриков,автоэлектрик,0.8708347,
строительство шумозащитных конструкций,шумозащитные конструкции некачественные,0.87083405,
запуск беспилотников,получение информации о беспилотниках,0.8707858,
дед мороз как переодетые взрослые,действия деда мороза,0.87078005,
дорога на суворовский,дтп на трассе ростов – семикаракорск – волгодонск,0.8707731,
работа администрации города как временщиков,действия администрации города,0.8707683,
барахолка в ростове,барахолки в парке горького,0.8707633,
инцидент на горке,новость об аварии на тюбинге,0.8707612,
предложение помощи/работы после праздников,предложение помощи после праздников,0.8707564,
метод сбора мусора,проблема с вывозом мусора,0.8707477,
участие в концерте киркорова,состояние дороги на ул. заводской,0.8707427,
отношение к пассажирам при задержках,задержка поезда и условия для пассажиров,0.8707034,
состояние мусорных контейнеров,вывоз мусора в гэсе,0.87068284,
состояние тротуаров на улице автолюбителей,состояние парковки и дороги,0.870639,
дорожная инфраструктура,транспортная инфраструктура краснодара,0.8706342,
зацеперы - подбор мусора вне кабины,уборка мусора в районе,0.87061435,
поведение нападавшего,характеристика повода нападения,0.87060714,
сбитые беспилотники над башкирией,уничтожение беспилотников пво,0.87058663,
проблема с вывозом мусора,вывоз мусора на первомайской,0.8705677,
качество услуг жкх,качество обслуживания билайн,0.87055624,
религиозная активность,религиозная практика в церкви,0.8705386,
поведение водителя во время дтп,водители в дтп,0.87053066,
действия деда мороза,мероприятие с дедом морозом,0.8705056,
угроза беспилотной опасности,взрывы беспилотников,0.8704967,
меры безопасности в дтп,информация мчс о мерах безопасности,0.87048995,
жк вест-сайд,концерт группы «индиид»,0.87047696,
расположение города относительно зайцев,закаты в городе,0.87047106,
детское питание,малоежка - недоедание ребенка,0.8704617,
беспилотный летательный аппарат (бпла) и его уничтожение,беспилотники и пво,0.87045366,
рост цен на технику,рост цен,0.8704269,
расписание транспорта на рождество,меры по организации транспорта на рождество,0.87040913,
жк вест-сайд,отечественное кино,0.8704031,
сбитые беспилотники над башкирией,действия в рб связанные с беспилотниками,0.87040234,
цена пирожков,цены на продукты,0.87039936,
избиение женщин,факт избиения девушки,0.8703871,
состояние льда на катке,небезопасность ледового городка,0.87037826,
американский беспилотник,сбитие беспилотников,0.8703437,
поведение автора,поведение автора (стиль одежды),0.8703375,
путешествие за границу,поездка в экзотические страны,0.870332,
источник информации об опасности,информация об угрозе,0.8703284,
применение законов о тонировке,новые правила тонировки,0.8703249,
джефф миллз,дороги осипенко/репин,0.87031734,
высокие затраты на свадьбу,информация о стоимости свадьбы,0.87030053,
поведение водителя (акцента),поведение водителя «ниссана»,0.87029445,
ухудшение качества уборки мусора,накопление мусора,0.87029445,
борьба с коррупцией на дону,коррупция и растраты бюджетных средств,0.8702512,
проблемы с электричеством в жк вест-сайд,перебои с электричеством в апшеронском районе,0.8702314,
обеспечение безопасности,безопасность района,0.870228,
новые шумозащитные конструкции,шумозащитные конструкции некачественные,0.8701964,
кража сочинца,сбитые бпла,0.87018573,
звук беспилотников,беспилотники и пво,0.8701747,
качество дорог в челябинской области,состояние дорог в сипайлово,0.87015027,
отключение электричества в общагах,отсутствие электричества,0.8701453,
концерт филиппа киркорова,кинопремьеры 2026 года,0.87013763,
дорожная безопасность,опасность трассы,0.87013686,
концерт поп-короля,анекдот времён ссср,0.8701321,
дорожное движение,тротуары на улице автолюбителей,0.8701285,
отношение к украинцам,действия украины,0.8701217,
предложение временной подработки,временная подработка,0.87010485,
строительство тротуаров на автолюбителей,тротуары на улице автолюбителей,0.8701035,
принадлежность москвы,история новороссийска,0.8700861,
обсуждение красивых дат для свадьбы,свадьба как мероприятие,0.87007457,
запуск беспилотников,сбитие беспилотников,0.8700646,
запрет на пиротехнику,запрет на тонировку,0.8700397,
действия властей/коррупция,коррупция в судебной системе,0.8700386,
кассовые сборы фильма «чебурашка 2»,характеристика глав субъектов рф,0.8700311,
беспилотная опасность - взрывы,беспилотная атака,0.8700154,
проблема с вывозом мусора,ситуация с вывозом мусора в красной поляне,0.87000406,
метод сбора мусора,распространение мусора,0.86999595,
мусор на контейнерной площадке,проблема вывоза мусора,0.8699952,
очистка парковочных карманов,чистка карманов на дорогах,0.8699824,
внешность екатеринбуржек,кража сочинца,0.86996806,
концерт поп-короля,дтп на трассе семикаракорск-волгодонск,0.86994624,
военная операция,военная ситуация,0.8699362,
проблема вывоза мусора,система управления мусором,0.8699221,
реакция полиции,реакция власти на преступление,0.869898,
поведение трампа,трамвай облик,0.869895,
альбом бритни спирс,площадь советов (ростов-на-дону),0.8698838,
работа пво по сбитым беспилотникам,сбитые беспилотники над башкирией,0.86987245,
состояние областных дорог,качество дорог в челябинской области,0.86986876,
общественный транспорт,расширение работы общественного транспорта,0.86985826,
жёсткое дтп,плотинка,0.8698533,
запуск беспилотников,способ уничтожения беспилотников,0.869851,
смазка для колбасы,продуктовая корзина состав,0.8698391,
пожар в многоэтажке,пожары в высотках,0.8698268,
состояние автомобиля,тонировка автомобиля,0.86982214,
испеченный пирог,желание испечь пирог,0.8698194,
работа энергетической службы,работа энергетиков и других специалистов,0.8698093,
электроснабжение жк вест-сайд,лучшие времена рф,0.8697901,
водители в дтп,поведение водителей в дтп,0.8697881,
конфеты,сладкие десерты,0.869781,
качество исполнения,качество работы,0.8697728,
выступление филиппа киркорова,стиль филиппа киркорова,0.86977077,
угроза беспилотной опасности,беспилотники и пво,0.8697591,
задержка поездов,задержка поездов в воронежской области,0.8697496,
беспилотная опасность,распространение информации об угрозе беспилотников,0.86974657,
концерт поп-короля,выступление артиста и его подтанцовка,0.8697338,
беспилотники,угроза беспилотной опасности,0.8697303,
состояние мусорных контейнеров,решение проблемы вывоза мусора,0.86972445,
участие в концерте киркорова,дороги осипенко/репин,0.8697098,
беспилотная опасность - взрывы,способ уничтожения беспилотников,0.86970437,
участие в концерте любэ,лучшие времена рф,0.869701,
ремонт школы,национальный проект ремонта школ,0.86969835,
колядование с кутьей,пропажа милены яковлевой,0.86967087,
военные действия в рф,действия пво в рф,0.86964804,
задержание мужчины,задержание мужчины по статье хулиганства,0.8696234,
работа администрации,действия администрации,0.8695948,
ситуация в нагорной,ситуация на окраине,0.86958796,
зацеперы сбор мусора,система управления мусором,0.8695677,
применение штрафов к водителям,нарушение правил водителями,0.86955017,
решение проблемы вывоза мусора,вывоз мусора / подрядчик,0.8695465,
состояние проездов в карманах,чистка проездов в карманах,0.8695313,
безопасность горки,безопасность в зоне тюбинга,0.869516,
угроза беспилотной опасности,дроновое нападение,0.8695055,
поведение детей,поведение детей (поджог кустов),0.8695053,
беспилотники,дроновое нападение,0.86950314,
ситуация на украине,украина и её успех,0.86943173,
использование ремней и кресел в дтп,использование ремней безопасности,0.8694176,
новогодние праздники,рождественские мероприятия,0.86941606,
деятельность зацеперов по сбору мусора,проблема с вывозом мусора,0.8693911,
воспитание детей,воспитание детей ненадлежащим образом,0.8693799,
эффективность уничтожения дронов,перехват беспилотников,0.86937815,
поведение девушки,поведение дочери,0.86936986,
маршруты автобусов,наличие автобуса,0.8693694,
состояние льда,небезопасность ледового городка,0.86931133,
жёсткое дтп,дтп в краснодаре,0.8692953,
поведение водителей,поведение водителя такси,0.86928636,
дорогая организация свадьбы,стоимость свадьбы в будущем,0.86928034,
джефф миллз,рекорд кассовых сборов фильма «чебурашка 2»,0.869279,
"титул ""поп-король"" филиппа бедросовича",задержка поезда москва-адлер,0.8692521,
ремонт водных объектов,восстановление остановки на гидрострое,0.86924136,
проблемы города,городская среда,0.8692265,
рождество в храме и у родственников,рождественские богослужения,0.8692079,
праздничные мероприятия,атмосфера праздника,0.8691757,
пристройка к дому,жильцы дома,0.8691635,
казахстан на первом кадре,действия властей казахстана,0.86914855,
перебои с электричеством,электроснабжение,0.8691122,
барахолки в парке горького,двор в уфе,0.8690922,
состояние дороги ростов-волгодонск,закат в сочи,0.8690695,
способ уборки мусора,ситуация с вывозом мусора,0.86905193,
повышение цен/эксплуатация,рост цен на технику,0.86904156,
поведение агрессора,поведение нападавшего,0.8690406,
поведение филиппа киркорова на концерте,филипп киркоров на концерте,0.8690373,
чистка снега в екатеринбурге,работа коммунальных служб по уборке снега,0.869015,
участие филиппа киркорова в концерте,термин водительница в пдд,0.86900836,
увеличение штрафов за тонировку,штраф за нарушение тонировки,0.8690001,
поиск информации,запрос информации,0.86899817,
новогодние праздники,празднование рождества в ростове,0.8689753,
коммунальные услуги в белореченске,работа пвз и инфраструктура в белореченске,0.8689709,
организация вывоза мусора,уборка мусора,0.86896086,
религиозная активность,участие в богослужении,0.8689357,
информация о беспилотниках,информация о беспилотной атаке,0.8689266,
рождественские богослужения в каменске,рождественские богослужения,0.86891913,
первая часть фильма чебурашка,перевод говнотечки,0.86888546,
шаурмятни,кража сочинца,0.86887455,
поведение мужчин-агрессоров,агрессия мужчин к женщинам,0.86886257,
эксплуатация аттракционов,состояние дороги на ул. заводской,0.868853,
отношение к пассажирам при задержках,питание пассажиров при задержке,0.86883855,
электроснабжение жк вест-сайд,эксплуатация аттракционов,0.86883163,
вывоз мусора в гэсе,решение проблемы мусора,0.8688196,
сумма подарка на свадьбу,стоимость свадьбы,0.86880636,
дтп на тюбинге,дтп,0.86880064,
сбитие беспилотников,источник беспилотников,0.8687978,
тротуары на улице автолюбителей,состояние дорог и тротуаров,0.8687349,
фото для иллюстрации,фото в личку,0.8687091,
повышение рождаемости,рождаемость детей,0.8687018,
празднование рождества и нового года,рождество христово,0.86869735,
вывоз мусора на первомайской,вывоз мусора / подрядчик,0.86869633,
нападение на девушек,насилие против девушки,0.8686751,
поведение филиппа киркорова на концерте,посещение концерта филиппа киркорова,0.868616,
дорожная обстановка,тротуары на улице автолюбителей,0.8686133,
район лысая гора,отдых на плато лаго-наки,0.86859787,
мероприятие с дедом морозом и выбор песни,мероприятие с дедом морозом,0.86856955,
выступление деда мороза с песней,мероприятие деда мороза,0.8685507,
новое правило о штрафах за тонировку,выдача штрафа,0.86854327,
зацеперы сбор мусора,вывоз мусора на первомайской,0.86851245,
работа сотрудников,работа пво,0.8685069,
преступная группа сельмаш,состояние дороги на ул. заводской,0.8684974,
подготовка к празднику,подготовка к новогодним праздникам,0.8684919,
филипп киркоров,кальян,0.8684863,
использование украинских беспилотников,атака украинских беспилотников,0.8684762,
наличие кроликов во дворе,домашние кролики,0.868467,
грамотность населения,грамотность в публикациях,0.8684646,
дороги осипенко/репин,премьеры в кино,0.86846316,
проблема с мусором в краснодарском крае,управление мусором в сочи,0.8684417,
мероприятие филиппа киркорова,фильм хроники нарнии,0.8684337,
горящая квартира и собственность,горящая квартира,0.8684245,
перебои с электричеством в центре,отключение электроэнергии в апшеронском районе,0.8684041,
участие филиппа киркорова в концерте,площадь советов (ростов-на-дону),0.86838365,
рекламная стратегия,наличие рекламы,0.86837345,
реакция полиции,действия полиции (проведение проверки),0.86834574,
инцидент на красноармейской улице,инцидент на красноармейской,0.8683294,
участие в церковных мероприятиях,религиозная активность,0.86832815,
участие филиппа киркорова в концерте,переезд в челябинск,0.8683005,
запрет горок,сирены,0.86824703,
происшествие с машиной,результат аварии,0.868227,
блюдо,заказ шаурмы через мах,0.868178,
дорожно-транспортная ситуация,пробка,0.8681748,
дтп под джубгой,перевод говнотечки,0.8681737,
застройка в краснодаре,происшествие в краснодаре,0.86816466,
новые правила по тонировке,требования к тонировке,0.86816335,
рекорд кассовых сборов фильма «чебурашка 2»,спектакли московского театра,0.8681427,
отсутствие электричества,наличие электричества,0.86811936,
деятельность зацеперов по сбору мусора,вывоз мусора на первомайской,0.86810994,
введение штрафов за тонировку,выдача штрафа,0.86808884,
организация праздника,действия администрации по организации праздников,0.868088,
рождество христово,празднование рождества христова под другим именем,0.86808515,
использование ремней безопасности в дтп,использование ремней и кресел в дтп,0.8680653,
свадьба как мероприятие,свадьба как способ жить вместе,0.86803246,
городской бор - дорога,состояние нагорной улицы,0.8680308,
работа по вывозу мусора,вывоз мусора на первомайской,0.8680301,
поведение автора комментария - отсутствие в обсуждении,поведение автора/участников дискуссии,0.86801535,
отключение электричества в общагах юфу,отключение электричества в районе,0.8679859,
поведение хаски в контактном зоопарке,контактный зоопарк,0.8679813,
беспилотная опасность,уничтожение беспилотников пво,0.8679566,
факт повреждения машины,автомобильный инцидент,0.86793894,
дтп на тюбинге,действия гибдд,0.8679347,
стоимость входа на каток,цена вопроса,0.8679306,
обращение в прокуратуру,возбуждение уголовного дела,0.8679301,
жертва дтп,смертельное дтп,0.8679266,
восхождение в горы,гололед в горах,0.86792254,
